
 RUN  v4.1.11 <repo>/.worktrees/g3

stdout | tests/stale/perf.test.ts > perf — 批量 W3 (concurrency 8) vs 逐文件串行 (concurrency 1), 123 文件闭包 > capturePlanClosure: batch wall-time ≤ serial (real git spawns, min-of-2)
WP32-PERF capturePlanClosure(123 files, min-of-2): serial(1)=366.7ms batch(8)=268.4ms speedup=1.4x processes=124 (N×W3 + 1×W11 HEAD, both modes)

stdout | tests/current-focus/rpc-face.test.ts > UI-0.4 — setCurrentFocus / getCurrentFocus over the real host service > getCurrentFocus on a never-set workstream returns focus: null (absent ≠ error)
[research-control][startup-integrity] startup integrity GATE: outcome=ok (db=pass; tree=pass; consistency=pass) — the git boundary check settles and logs separately
[research-control][investigator] the production investigator face is wired (launcher port bound + analysis_record face + all-read transient reader — WP-7.4 / G7 S1)
[research-control][semantic-rebuild] incremental ≡ rebuild (0 rows)
[research-control][semantic-rebuild] derived_state replaced (0 rows, one independent transaction)
[research-control][wiring] host wiring ready (project PRJ-1; 3 workstreams; 4 tasks)
[research-control] registered 11 research tools (project PRJ-1)

stderr | tests/current-focus/rpc-face.test.ts > UI-0.4 — setCurrentFocus / getCurrentFocus over the real host service > getCurrentFocus on a never-set workstream returns focus: null (absent ≠ error)
[research-control] the host exposes no settings service — the research settings card (namespace "dsh-research-control") is unavailable and the directory names stay at the defaults (".research" / ".research-control"); discovery is unaffected (warned once)
[research-control] standalone research tree at /tmp/t32a-ws-mDcNKp (project PRJ-1) — the tree is not registered in a hub (no registry entry at this path) — running standalone; silent by design (no popup, this log line is the record); register it through the settings plane to move it under the hub
[research-control] the host exposes no command registry (non-web profile) — the /research-investigate one-click entry and the analysis data-face commands (/research-transient-read, /research-analysis-list, /research-analysis-save) are unavailable (any attempt still fails loud at use time; no degraded launch, no forged data)

stdout | tests/current-focus/rpc-face.test.ts > UI-0.4 — setCurrentFocus / getCurrentFocus over the real host service > the D §7.5 proof chain: set → canonical result → refetch
[research-control][startup-integrity] startup integrity GATE: outcome=ok (db=pass; tree=pass; consistency=pass) — the git boundary check settles and logs separately
[research-control][investigator] the production investigator face is wired (launcher port bound + analysis_record face + all-read transient reader — WP-7.4 / G7 S1)
[research-control][semantic-rebuild] incremental ≡ rebuild (0 rows)
[research-control][semantic-rebuild] derived_state replaced (0 rows, one independent transaction)
[research-control][wiring] host wiring ready (project PRJ-1; 3 workstreams; 4 tasks)
[research-control] registered 11 research tools (project PRJ-1)

stderr | tests/current-focus/rpc-face.test.ts > UI-0.4 — setCurrentFocus / getCurrentFocus over the real host service > the D §7.5 proof chain: set → canonical result → refetch
[research-control] standalone research tree at /tmp/t32a-ws-pqv4hC (project PRJ-1) — the tree is not registered in a hub (no registry entry at this path) — running standalone; silent by design (no popup, this log line is the record); register it through the settings plane to move it under the hub
[research-control] the host exposes no command registry (non-web profile) — the /research-investigate one-click entry and the analysis data-face commands (/research-transient-read, /research-analysis-list, /research-analysis-save) are unavailable (any attempt still fails loud at use time; no degraded launch, no forged data)

stdout | tests/current-focus/rpc-face.test.ts > UI-0.4 — setCurrentFocus / getCurrentFocus over the real host service > a replace overwrites the single value (single-value semantics — R-01)
[research-control][startup-integrity] startup integrity GATE: outcome=ok (db=pass; tree=pass; consistency=pass) — the git boundary check settles and logs separately
[research-control][investigator] the production investigator face is wired (launcher port bound + analysis_record face + all-read transient reader — WP-7.4 / G7 S1)
[research-control][semantic-rebuild] incremental ≡ rebuild (0 rows)
[research-control][semantic-rebuild] derived_state replaced (0 rows, one independent transaction)
[research-control][wiring] host wiring ready (project PRJ-1; 3 workstreams; 4 tasks)
[research-control] registered 11 research tools (project PRJ-1)

stderr | tests/current-focus/rpc-face.test.ts > UI-0.4 — setCurrentFocus / getCurrentFocus over the real host service > a replace overwrites the single value (single-value semantics — R-01)
[research-control] standalone research tree at /tmp/t32a-ws-NKWm1q (project PRJ-1) — the tree is not registered in a hub (no registry entry at this path) — running standalone; silent by design (no popup, this log line is the record); register it through the settings plane to move it under the hub
[research-control] the host exposes no command registry (non-web profile) — the /research-investigate one-click entry and the analysis data-face commands (/research-transient-read, /research-analysis-list, /research-analysis-save) are unavailable (any attempt still fails loud at use time; no degraded launch, no forged data)

stdout | tests/current-focus/rpc-face.test.ts > UI-0.4 — setCurrentFocus / getCurrentFocus over the real host service > a non-canonical target is rejected with the [CF_NOT_CANONICAL] wire carrier (no row written)
[research-control][startup-integrity] startup integrity GATE: outcome=ok (db=pass; tree=pass; consistency=pass) — the git boundary check settles and logs separately
[research-control][investigator] the production investigator face is wired (launcher port bound + analysis_record face + all-read transient reader — WP-7.4 / G7 S1)
[research-control][semantic-rebuild] incremental ≡ rebuild (0 rows)
[research-control][semantic-rebuild] derived_state replaced (0 rows, one independent transaction)
[research-control][wiring] host wiring ready (project PRJ-1; 3 workstreams; 4 tasks)
[research-control] registered 11 research tools (project PRJ-1)

stderr | tests/current-focus/rpc-face.test.ts > UI-0.4 — setCurrentFocus / getCurrentFocus over the real host service > a non-canonical target is rejected with the [CF_NOT_CANONICAL] wire carrier (no row written)
[research-control] standalone research tree at /tmp/t32a-ws-OfdWhf (project PRJ-1) — the tree is not registered in a hub (no registry entry at this path) — running standalone; silent by design (no popup, this log line is the record); register it through the settings plane to move it under the hub
[research-control] the host exposes no command registry (non-web profile) — the /research-investigate one-click entry and the analysis data-face commands (/research-transient-read, /research-analysis-list, /research-analysis-save) are unavailable (any attempt still fails loud at use time; no degraded launch, no forged data)

stdout | tests/current-focus/rpc-face.test.ts > UI-0.4 — setCurrentFocus / getCurrentFocus over the real host service > BL-02 — an item id from ANOTHER workstream is rejected (the real provider is workstream-scoped)
[research-control][startup-integrity] startup integrity GATE: outcome=ok (db=pass; tree=pass; consistency=pass) — the git boundary check settles and logs separately
[research-control][investigator] the production investigator face is wired (launcher port bound + analysis_record face + all-read transient reader — WP-7.4 / G7 S1)
[research-control][semantic-rebuild] incremental ≡ rebuild (0 rows)
[research-control][semantic-rebuild] derived_state replaced (0 rows, one independent transaction)
[research-control][wiring] host wiring ready (project PRJ-1; 3 workstreams; 4 tasks)
[research-control] registered 11 research tools (project PRJ-1)

stderr | tests/current-focus/rpc-face.test.ts > UI-0.4 — setCurrentFocus / getCurrentFocus over the real host service > BL-02 — an item id from ANOTHER workstream is rejected (the real provider is workstream-scoped)
[research-control] standalone research tree at /tmp/t32a-ws-2eqoCG (project PRJ-1) — the tree is not registered in a hub (no registry entry at this path) — running standalone; silent by design (no popup, this log line is the record); register it through the settings plane to move it under the hub
[research-control] the host exposes no command registry (non-web profile) — the /research-investigate one-click entry and the analysis data-face commands (/research-transient-read, /research-analysis-list, /research-analysis-save) are unavailable (any attempt still fails loud at use time; no degraded launch, no forged data)

stdout | tests/current-focus/rpc-face.test.ts > UI-0.4 — setCurrentFocus / getCurrentFocus over the real host service > the strict args schema: unknown fields and malformed ids are rejected at decode
[research-control][startup-integrity] startup integrity GATE: outcome=ok (db=pass; tree=pass; consistency=pass) — the git boundary check settles and logs separately
[research-control][investigator] the production investigator face is wired (launcher port bound + analysis_record face + all-read transient reader — WP-7.4 / G7 S1)
[research-control][semantic-rebuild] incremental ≡ rebuild (0 rows)
[research-control][semantic-rebuild] derived_state replaced (0 rows, one independent transaction)
[research-control][wiring] host wiring ready (project PRJ-1; 3 workstreams; 4 tasks)
[research-control] registered 11 research tools (project PRJ-1)

stderr | tests/current-focus/rpc-face.test.ts > UI-0.4 — setCurrentFocus / getCurrentFocus over the real host service > the strict args schema: unknown fields and malformed ids are rejected at decode
[research-control] standalone research tree at /tmp/t32a-ws-0XuIit (project PRJ-1) — the tree is not registered in a hub (no registry entry at this path) — running standalone; silent by design (no popup, this log line is the record); register it through the settings plane to move it under the hub
[research-control] the host exposes no command registry (non-web profile) — the /research-investigate one-click entry and the analysis data-face commands (/research-transient-read, /research-analysis-list, /research-analysis-save) are unavailable (any attempt still fails loud at use time; no degraded launch, no forged data)

stdout | tests/current-focus/rpc-face.test.ts > UI-0.4 — setCurrentFocus / getCurrentFocus over the real host service > reorderPlan commits with the pointer RETAINED (the hook point runs on a same-set reorder)
[research-control][startup-integrity] startup integrity GATE: outcome=ok (db=pass; tree=pass; consistency=pass) — the git boundary check settles and logs separately
[research-control][investigator] the production investigator face is wired (launcher port bound + analysis_record face + all-read transient reader — WP-7.4 / G7 S1)
[research-control][semantic-rebuild] incremental ≡ rebuild (0 rows)
[research-control][semantic-rebuild] derived_state replaced (0 rows, one independent transaction)
[research-control][wiring] host wiring ready (project PRJ-1; 3 workstreams; 4 tasks)
[research-control] registered 11 research tools (project PRJ-1)

stderr | tests/current-focus/rpc-face.test.ts > UI-0.4 — setCurrentFocus / getCurrentFocus over the real host service > reorderPlan commits with the pointer RETAINED (the hook point runs on a same-set reorder)
[research-control] standalone research tree at /tmp/t32a-ws-OkQZwr (project PRJ-1) — the tree is not registered in a hub (no registry entry at this path) — running standalone; silent by design (no popup, this log line is the record); register it through the settings plane to move it under the hub
[research-control] the host exposes no command registry (non-web profile) — the /research-investigate one-click entry and the analysis data-face commands (/research-transient-read, /research-analysis-list, /research-analysis-save) are unavailable (any attempt still fails loud at use time; no degraded launch, no forged data)

stdout | tests/current-focus/rpc-face.test.ts > UI-0.4 — setCurrentFocus / getCurrentFocus over the real host service > a SUBSET reorderPlan evicts the pointer target → R-01 auto-clear (the live eviction path, not a future one)
[research-control][startup-integrity] startup integrity GATE: outcome=ok (db=pass; tree=pass; consistency=pass) — the git boundary check settles and logs separately
[research-control][investigator] the production investigator face is wired (launcher port bound + analysis_record face + all-read transient reader — WP-7.4 / G7 S1)
[research-control][semantic-rebuild] incremental ≡ rebuild (0 rows)
[research-control][semantic-rebuild] derived_state replaced (0 rows, one independent transaction)
[research-control][wiring] host wiring ready (project PRJ-1; 3 workstreams; 4 tasks)
[research-control] registered 11 research tools (project PRJ-1)

stderr | tests/current-focus/rpc-face.test.ts > UI-0.4 — setCurrentFocus / getCurrentFocus over the real host service > a SUBSET reorderPlan evicts the pointer target → R-01 auto-clear (the live eviction path, not a future one)
[research-control] standalone research tree at /tmp/t32a-ws-nrHUuz (project PRJ-1) — the tree is not registered in a hub (no registry entry at this path) — running standalone; silent by design (no popup, this log line is the record); register it through the settings plane to move it under the hub
[research-control] the host exposes no command registry (non-web profile) — the /research-investigate one-click entry and the analysis data-face commands (/research-transient-read, /research-analysis-list, /research-analysis-save) are unavailable (any attempt still fails loud at use time; no degraded launch, no forged data)

stdout | tests/current-focus/rpc-face.test.ts > UI-0.4 — setCurrentFocus / getCurrentFocus over the real host service > a revalidation failure NEVER poisons a committed reorder (best-effort — D §6.5)
[research-control][startup-integrity] startup integrity GATE: outcome=ok (db=pass; tree=pass; consistency=pass) — the git boundary check settles and logs separately
[research-control][investigator] the production investigator face is wired (launcher port bound + analysis_record face + all-read transient reader — WP-7.4 / G7 S1)
[research-control][semantic-rebuild] incremental ≡ rebuild (0 rows)
[research-control][semantic-rebuild] derived_state replaced (0 rows, one independent transaction)
[research-control][wiring] host wiring ready (project PRJ-1; 3 workstreams; 4 tasks)
[research-control] registered 11 research tools (project PRJ-1)

stderr | tests/current-focus/rpc-face.test.ts > UI-0.4 — setCurrentFocus / getCurrentFocus over the real host service > a revalidation failure NEVER poisons a committed reorder (best-effort — D §6.5)
[research-control] standalone research tree at /tmp/t32a-ws-T3Wp0r (project PRJ-1) — the tree is not registered in a hub (no registry entry at this path) — running standalone; silent by design (no popup, this log line is the record); register it through the settings plane to move it under the hub
[research-control] the host exposes no command registry (non-web profile) — the /research-investigate one-click entry and the analysis data-face commands (/research-transient-read, /research-analysis-list, /research-analysis-save) are unavailable (any attempt still fails loud at use time; no degraded launch, no forged data)

stderr | tests/current-focus/rpc-face.test.ts > UI-0.4 — setCurrentFocus / getCurrentFocus over the real host service > a revalidation failure NEVER poisons a committed reorder (best-effort — D §6.5)
[research-control][rpc][current-focus-revalidate] {
  workstreamId: 'WS-1',
  message: 'current-focus revalidate (best-effort) failed — the plan mutation stands; the pointer may be stale until the next revalidation: injected: the current-focus store is unavailable'
}

 ✓ tests/stale/stale-check.test.ts (17 tests) 3370ms
     ✓ 3 OPEN PFs sharing one closure: one edit ⇒ all 3 marked STALE, failures empty, per-WS filter works  391ms
     ✓ per-PF failure is collected, never aborting the sweep (the other PFs still get checked)  381ms
stdout | tests/current-focus/rpc-face.test.ts > UI-0.4 — restart retention + multi-project routing > the pointer survives a host restart (remount over the same workspace)
[research-control][startup-integrity] startup integrity GATE: outcome=ok (db=pass; tree=pass; consistency=pass) — the git boundary check settles and logs separately
[research-control][investigator] the production investigator face is wired (launcher port bound + analysis_record face + all-read transient reader — WP-7.4 / G7 S1)
[research-control][semantic-rebuild] incremental ≡ rebuild (0 rows)
[research-control][semantic-rebuild] derived_state replaced (0 rows, one independent transaction)
[research-control][wiring] host wiring ready (project PRJ-1; 3 workstreams; 4 tasks)
[research-control] registered 11 research tools (project PRJ-1)

stderr | tests/current-focus/rpc-face.test.ts > UI-0.4 — restart retention + multi-project routing > the pointer survives a host restart (remount over the same workspace)
[research-control] standalone research tree at /tmp/t32a-ws-67xufL (project PRJ-1) — the tree is not registered in a hub (no registry entry at this path) — running standalone; silent by design (no popup, this log line is the record); register it through the settings plane to move it under the hub
[research-control] the host exposes no command registry (non-web profile) — the /research-investigate one-click entry and the analysis data-face commands (/research-transient-read, /research-analysis-list, /research-analysis-save) are unavailable (any attempt still fails loud at use time; no degraded launch, no forged data)

stderr | tests/current-focus/rpc-face.test.ts > UI-0.4 — restart retention + multi-project routing > the pointer survives a host restart (remount over the same workspace)
[research-control] standalone research tree at /tmp/t32a-ws-67xufL (project PRJ-1) — the tree is not registered in a hub (no registry entry at this path) — running standalone; silent by design (no popup, this log line is the record); register it through the settings plane to move it under the hub
[research-control] the host exposes no command registry (non-web profile) — the /research-investigate one-click entry and the analysis data-face commands (/research-transient-read, /research-analysis-list, /research-analysis-save) are unavailable (any attempt still fails loud at use time; no degraded launch, no forged data)

stdout | tests/current-focus/rpc-face.test.ts > UI-0.4 — restart retention + multi-project routing > the pointer survives a host restart (remount over the same workspace)
[research-control][startup-integrity] startup integrity GATE: outcome=ok (db=pass; tree=pass; consistency=pass) — the git boundary check settles and logs separately
[research-control][investigator] the production investigator face is wired (launcher port bound + analysis_record face + all-read transient reader — WP-7.4 / G7 S1)
[research-control][semantic-rebuild] incremental ≡ rebuild (0 rows)
[research-control][semantic-rebuild] derived_state replaced (0 rows, one independent transaction)
[research-control][wiring] host wiring ready (project PRJ-1; 3 workstreams; 4 tasks)
[research-control] registered 11 research tools (project PRJ-1)

stderr | tests/rpc-plane/mutations-rpc-face.test.ts > setHub (§12 row 4) — the onboarding face > happy: creates the hub on the EMPTY plane — the NEXT read sees it (the re-init hook ran)
[research-control] the host exposes no settings service — the research settings card (namespace "dsh-research-control") is unavailable and the directory names stay at the defaults (".research" / ".research-control"); discovery is unaffected (warned once)
[research-control] no registered workspace carries a .research tree and no .research-control hub was discovered — the plane has no project: the tools are NOT registered (single-project planes only) and the 13 per-project RPCs fail loud until a project exists (bind a project or create a hub through the settings plane); the 9 plane RPCs still serve the empty plane state (the design §6 引导卡 data source — the 研究 tab renders its boot state from it)

stdout | tests/rpc-plane/mutations-rpc-face.test.ts > setHub (§12 row 4) — the onboarding face > happy: creates the hub on the EMPTY plane — the NEXT read sees it (the re-init hook ran)
[research-control] research hub discovered at /tmp/t32a-plain-czexoA — plane: 0 managed, 0 standalone, 0 missing (of 1 registered workspaces)

stderr | tests/rpc-plane/mutations-rpc-face.test.ts > setHub (§12 row 4) — the onboarding face > happy: creates the hub on the EMPTY plane — the NEXT read sees it (the re-init hook ran)
[research-control] the discovered hub's registry declares no project (no .research tree was discovered in any registered workspace) — the plane has no project: the tools are NOT registered (single-project planes only) and the 13 per-project RPCs fail loud until a project exists (register a project through the settings plane); the 9 plane RPCs still serve the empty plane state (the design §6 引导卡 data source — the 研究 tab renders its boot state from it)

stdout | tests/rpc-plane/mutations-rpc-face.test.ts > setHub (§12 row 4) — the onboarding face > happy: creates the hub on the EMPTY plane — the NEXT read sees it (the re-init hook ran)
[research-control][plane][setHub-completed] {
  hubPath: '/tmp/t32a-plain-czexoA',
  registryPath: '/tmp/t32a-plain-czexoA/.research-control/registry.yaml'
}

stderr | tests/rpc-plane/mutations-rpc-face.test.ts > setHub (§12 row 4) — the onboarding face > rejects: a non-registered path → PLANE_NOT_REGISTERED_WORKSPACE (the hub can only live in a REGISTERED workspace)
[research-control] no registered workspace carries a .research tree and no .research-control hub was discovered — the plane has no project: the tools are NOT registered (single-project planes only) and the 13 per-project RPCs fail loud until a project exists (bind a project or create a hub through the settings plane); the 9 plane RPCs still serve the empty plane state (the design §6 引导卡 data source — the 研究 tab renders its boot state from it)

stdout | tests/rpc-plane/mutations-rpc-face.test.ts > setHub (§12 row 4) — the onboarding face > rejects: a hub already exists at another ws (PLANE_HUB_EXISTS) / the hub ws itself (PLANE_HUB_MARKER_EXISTS)
[research-control] research hub discovered at /tmp/t32a-hub-rtMxqP — plane: 0 managed, 0 standalone, 0 missing (of 2 registered workspaces)

stderr | tests/rpc-plane/mutations-rpc-face.test.ts > setHub (§12 row 4) — the onboarding face > rejects: a hub already exists at another ws (PLANE_HUB_EXISTS) / the hub ws itself (PLANE_HUB_MARKER_EXISTS)
[research-control] the discovered hub's registry declares no project (no .research tree was discovered in any registered workspace) — the plane has no project: the tools are NOT registered (single-project planes only) and the 13 per-project RPCs fail loud until a project exists (register a project through the settings plane); the 9 plane RPCs still serve the empty plane state (the design §6 引导卡 data source — the 研究 tab renders its boot state from it)

stderr | tests/rpc-plane/mutations-rpc-face.test.ts > setHub (§12 row 4) — the onboarding face > rejects: a malformed args object at the strict schema boundary (relative path / unknown field)
[research-control] no registered workspace carries a .research tree and no .research-control hub was discovered — the plane has no project: the tools are NOT registered (single-project planes only) and the 13 per-project RPCs fail loud until a project exists (bind a project or create a hub through the settings plane); the 9 plane RPCs still serve the empty plane state (the design §6 引导卡 data source — the 研究 tab renders its boot state from it)

stdout | tests/current-focus/rpc-face.test.ts > UI-0.4 — restart retention + multi-project routing > an explicit projectId routes the mutation to the target project wiring (D §6.5)
[research-control][startup-integrity] startup integrity GATE: outcome=ok (db=pass; tree=pass; consistency=pass) — the git boundary check settles and logs separately
[research-control][investigator] the production investigator face is wired (launcher port bound + analysis_record face + all-read transient reader — WP-7.4 / G7 S1)
[research-control][semantic-rebuild] incremental ≡ rebuild (0 rows)
[research-control][semantic-rebuild] derived_state replaced (0 rows, one independent transaction)
[research-control][wiring] host wiring ready (project PRJ-1; 3 workstreams; 4 tasks)
[research-control][startup-integrity] startup integrity GATE: outcome=ok (db=pass; tree=pass; consistency=pass) — the git boundary check settles and logs separately
[research-control][investigator] the production investigator face is wired (launcher port bound + analysis_record face + all-read transient reader — WP-7.4 / G7 S1)
[research-control][semantic-rebuild] incremental ≡ rebuild (0 rows)
[research-control][semantic-rebuild] derived_state replaced (0 rows, one independent transaction)
[research-control][wiring] host wiring ready (project PRJ-2; 3 workstreams; 4 tasks)

stderr | tests/current-focus/rpc-face.test.ts > UI-0.4 — restart retention + multi-project routing > an explicit projectId routes the mutation to the target project wiring (D §6.5)
[research-control] standalone research tree at /tmp/t32a-ws-h9P3Ix (project PRJ-1) — the tree is not registered in a hub (no registry entry at this path) — running standalone; silent by design (no popup, this log line is the record); register it through the settings plane to move it under the hub
[research-control] standalone research tree at /tmp/t32a-ws-qXTfyF (project PRJ-2) — the tree is not registered in a hub (no registry entry at this path) — running standalone; silent by design (no popup, this log line is the record); register it through the settings plane to move it under the hub
[research-control] the plane has 2 projects (PRJ-1, PRJ-2) — the 11 agent tools and the investigate/analysis commands are NOT registered this round: their frozen face carries no projectId, so there is no unambiguous routing target (design §12.1); the 13 RPCs route through their optional projectId (omitted + several active projects → a clear error listing the projects)

stdout | tests/current-focus/rpc-face.test.ts > UI-0.4 — restart retention + multi-project routing > BL-03 (UI-1): a CF_STORE fault from currentFocus.get rides the [research-control] CF_STORE carrier; a non-CF error passes through untouched
[research-control][startup-integrity] startup integrity GATE: outcome=ok (db=pass; tree=pass; consistency=pass) — the git boundary check settles and logs separately
[research-control][investigator] the production investigator face is wired (launcher port bound + analysis_record face + all-read transient reader — WP-7.4 / G7 S1)
[research-control][semantic-rebuild] incremental ≡ rebuild (0 rows)
[research-control][semantic-rebuild] derived_state replaced (0 rows, one independent transaction)
[research-control][wiring] host wiring ready (project PRJ-1; 3 workstreams; 4 tasks)
[research-control] registered 11 research tools (project PRJ-1)

stderr | tests/current-focus/rpc-face.test.ts > UI-0.4 — restart retention + multi-project routing > BL-03 (UI-1): a CF_STORE fault from currentFocus.get rides the [research-control] CF_STORE carrier; a non-CF error passes through untouched
[research-control] standalone research tree at /tmp/t32a-ws-EMNZhK (project PRJ-1) — the tree is not registered in a hub (no registry entry at this path) — running standalone; silent by design (no popup, this log line is the record); register it through the settings plane to move it under the hub
[research-control] the host exposes no command registry (non-web profile) — the /research-investigate one-click entry and the analysis data-face commands (/research-transient-read, /research-analysis-list, /research-analysis-save) are unavailable (any attempt still fails loud at use time; no degraded launch, no forged data)

stdout | tests/current-focus/rpc-face.test.ts
[research-control][startup-integrity] git boundary: pass — dirty working tree (1 dirty path(s), 1 under .research/) — reads unaffected; the checkpoint commits only .research/** (TC-GIT-001)

stdout | tests/current-focus/rpc-face.test.ts
[research-control][startup-integrity] git boundary: pass — dirty working tree (1 dirty path(s), 1 under .research/) — reads unaffected; the checkpoint commits only .research/** (TC-GIT-001)

stdout | tests/current-focus/rpc-face.test.ts
[research-control][startup-integrity] git boundary: pass — dirty working tree (1 dirty path(s), 1 under .research/) — reads unaffected; the checkpoint commits only .research/** (TC-GIT-001)

stdout | tests/current-focus/rpc-face.test.ts
[research-control][startup-integrity] git boundary: pass — dirty working tree (1 dirty path(s), 1 under .research/) — reads unaffected; the checkpoint commits only .research/** (TC-GIT-001)

stdout | tests/current-focus/rpc-face.test.ts
[research-control][startup-integrity] git boundary: pass — dirty working tree (2 dirty path(s), 2 under .research/) — reads unaffected; the checkpoint commits only .research/** (TC-GIT-001)

stdout | tests/current-focus/rpc-face.test.ts
[research-control][startup-integrity] git boundary: pass — dirty working tree (2 dirty path(s), 2 under .research/) — reads unaffected; the checkpoint commits only .research/** (TC-GIT-001)

stdout | tests/current-focus/rpc-face.test.ts
[research-control][startup-integrity] git boundary: pass — dirty working tree (2 dirty path(s), 2 under .research/) — reads unaffected; the checkpoint commits only .research/** (TC-GIT-001)

stdout | tests/current-focus/rpc-face.test.ts
[research-control][startup-integrity] git boundary: pass — dirty working tree (1 dirty path(s), 1 under .research/) — reads unaffected; the checkpoint commits only .research/** (TC-GIT-001)

stdout | tests/current-focus/rpc-face.test.ts
[research-control][startup-integrity] git boundary: pass — dirty working tree (1 dirty path(s), 1 under .research/) — reads unaffected; the checkpoint commits only .research/** (TC-GIT-001)

stdout | tests/current-focus/rpc-face.test.ts
[research-control][startup-integrity] git boundary: pass — dirty working tree (1 dirty path(s), 1 under .research/) — reads unaffected; the checkpoint commits only .research/** (TC-GIT-001)

stdout | tests/current-focus/rpc-face.test.ts
[research-control][startup-integrity] git boundary: pass — dirty working tree (1 dirty path(s), 1 under .research/) — reads unaffected; the checkpoint commits only .research/** (TC-GIT-001)

stdout | tests/current-focus/rpc-face.test.ts
[research-control][startup-integrity] git boundary: pass — dirty working tree (1 dirty path(s), 1 under .research/) — reads unaffected; the checkpoint commits only .research/** (TC-GIT-001)

stdout | tests/current-focus/rpc-face.test.ts
[research-control][startup-integrity] git boundary: pass — dirty working tree (1 dirty path(s), 1 under .research/) — reads unaffected; the checkpoint commits only .research/** (TC-GIT-001)

stdout | tests/current-focus/rpc-face.test.ts
[research-control][startup-integrity] git boundary: pass — dirty working tree (1 dirty path(s), 1 under .research/) — reads unaffected; the checkpoint commits only .research/** (TC-GIT-001)

stdout | tests/rpc-plane/mutations-rpc-face.test.ts > bindProject (§12 row 5) — the 接入 face > happy: binds a STANDALONE project — the db 收编 migrates the real research.sqlite to the hub, the NEXT read shows MANAGED
[research-control] research hub discovered at /tmp/t32a-hub-VDoon6 — plane: 0 managed, 1 standalone, 0 missing (of 2 registered workspaces)
[research-control][startup-integrity] startup integrity GATE: outcome=ok (db=pass; tree=pass; consistency=pass) — the git boundary check settles and logs separately
[research-control][investigator] the production investigator face is wired (launcher port bound + analysis_record face + all-read transient reader — WP-7.4 / G7 S1)
[research-control][semantic-rebuild] incremental ≡ rebuild (0 rows)
[research-control][semantic-rebuild] derived_state replaced (0 rows, one independent transaction)
[research-control][wiring] host wiring ready (project PRJ-1; 3 workstreams; 4 tasks)
[research-control] registered 11 research tools (project PRJ-1)

stderr | tests/rpc-plane/mutations-rpc-face.test.ts > bindProject (§12 row 5) — the 接入 face > happy: binds a STANDALONE project — the db 收编 migrates the real research.sqlite to the hub, the NEXT read shows MANAGED
[research-control] standalone research tree at /tmp/t32a-ws-Zhpm51 (project PRJ-1) — the tree is not registered in a hub (no registry entry at this path) — running standalone; silent by design (no popup, this log line is the record); register it through the settings plane to move it under the hub
[research-control] the host exposes no command registry (non-web profile) — the /research-investigate one-click entry and the analysis data-face commands (/research-transient-read, /research-analysis-list, /research-analysis-save) are unavailable (any attempt still fails loud at use time; no degraded launch, no forged data)

stdout | tests/stale/perf.test.ts > perf — 批量 W3 (concurrency 8) vs 逐文件串行 (concurrency 1), 123 文件闭包 > checkStale over a 123-file closure: batch recheck is exact and not slower than serial (one fresh OPEN PF per mode)
WP32-PERF checkStale(123-file closure recheck, min-of-2): batch(8)=293.1ms serial(1)=368.3ms speedup=1.3x processes=124 (N×W3 + 1×W11 HEAD, both modes)

stdout | tests/rpc-plane/mutations-rpc-face.test.ts > bindProject (§12 row 5) — the 接入 face > happy: binds a STANDALONE project — the db 收编 migrates the real research.sqlite to the hub, the NEXT read shows MANAGED
[research-control][plane][db-migration] {
  message: 'migrating the research database: /tmp/t32a-ws-Zhpm51/.research/state/research.sqlite -> /tmp/t32a-hub-VDoon6/.research-control/projects/PRJ-1/research.sqlite (design §9: the database follows the project — one copy at a time)'
}
[research-control][plane][db-migration] {
  message: 'database migration complete: /tmp/t32a-ws-Zhpm51/.research/state/research.sqlite -> /tmp/t32a-hub-VDoon6/.research-control/projects/PRJ-1/research.sqlite (the source location no longer exists)'
}
[research-control] research hub discovered at /tmp/t32a-hub-VDoon6 — plane: 1 managed, 0 standalone, 0 missing (of 2 registered workspaces)
[research-control][startup-integrity] startup integrity GATE: outcome=ok (db=pass; tree=pass; consistency=pass) — the git boundary check settles and logs separately
[research-control][investigator] the production investigator face is wired (launcher port bound + analysis_record face + all-read transient reader — WP-7.4 / G7 S1)
[research-control][semantic-rebuild] incremental ≡ rebuild (0 rows)
[research-control][semantic-rebuild] derived_state replaced (0 rows, one independent transaction)
[research-control][wiring] host wiring ready (project PRJ-1; 3 workstreams; 4 tasks)

stdout | tests/rpc-plane/mutations-rpc-face.test.ts > bindProject (§12 row 5) — the 接入 face > happy: binds a STANDALONE project — the db 收编 migrates the real research.sqlite to the hub, the NEXT read shows MANAGED
[research-control][plane][bindProject-completed] {
  projectId: 'PRJ-1',
  wsPath: '/tmp/t32a-ws-Zhpm51',
  hubPath: '/tmp/t32a-hub-VDoon6',
  dbMigrated: true,
  registryPath: '/tmp/t32a-hub-VDoon6/.research-control/registry.yaml'
}

 ✓ tests/stale/perf.test.ts (2 tests) 4447ms
     ✓ capturePlanClosure: batch wall-time ≤ serial (real git spawns, min-of-2)  1493ms
     ✓ checkStale over a 123-file closure: batch recheck is exact and not slower than serial (one fresh OPEN PF per mode)  2952ms
stdout | tests/rpc-plane/mutations-rpc-face.test.ts > bindProject (§12 row 5) — the 接入 face > happy: binds a STANDALONE project — the db 收编 migrates the real research.sqlite to the hub, the NEXT read shows MANAGED
[research-control][startup-integrity] git boundary: pass — clean working tree (no dirty paths)

 ✓ tests/current-focus/rpc-face.test.ts (12 tests) 3280ms
     ✓ getCurrentFocus on a never-set workstream returns focus: null (absent ≠ error)  343ms
     ✓ an explicit projectId routes the mutation to the target project wiring (D §6.5)  349ms
stdout | tests/rpc-plane/mutations-rpc-face.test.ts > bindProject (§12 row 5) — the 接入 face > rejects: the hub workspace itself (PLANE_HUB_WORKSPACE) / an already-MANAGED project (PLANE_ALREADY_MANAGED)
[research-control] research hub discovered at /tmp/t32a-hub-rD4qrg — plane: 0 managed, 1 standalone, 0 missing (of 2 registered workspaces)
[research-control][startup-integrity] startup integrity GATE: outcome=ok (db=pass; tree=pass; consistency=pass) — the git boundary check settles and logs separately
[research-control][investigator] the production investigator face is wired (launcher port bound + analysis_record face + all-read transient reader — WP-7.4 / G7 S1)
[research-control][semantic-rebuild] incremental ≡ rebuild (0 rows)
[research-control][semantic-rebuild] derived_state replaced (0 rows, one independent transaction)
[research-control][wiring] host wiring ready (project PRJ-1; 3 workstreams; 4 tasks)
[research-control] registered 11 research tools (project PRJ-1)

stderr | tests/rpc-plane/mutations-rpc-face.test.ts > bindProject (§12 row 5) — the 接入 face > rejects: the hub workspace itself (PLANE_HUB_WORKSPACE) / an already-MANAGED project (PLANE_ALREADY_MANAGED)
[research-control] standalone research tree at /tmp/t32a-ws-cLDVHx (project PRJ-1) — the tree is not registered in a hub (no registry entry at this path) — running standalone; silent by design (no popup, this log line is the record); register it through the settings plane to move it under the hub
[research-control] the host exposes no command registry (non-web profile) — the /research-investigate one-click entry and the analysis data-face commands (/research-transient-read, /research-analysis-list, /research-analysis-save) are unavailable (any attempt still fails loud at use time; no degraded launch, no forged data)

stdout | tests/rpc-plane/mutations-rpc-face.test.ts > bindProject (§12 row 5) — the 接入 face > rejects: the hub workspace itself (PLANE_HUB_WORKSPACE) / an already-MANAGED project (PLANE_ALREADY_MANAGED)
[research-control][plane][db-migration] {
  message: 'migrating the research database: /tmp/t32a-ws-cLDVHx/.research/state/research.sqlite -> /tmp/t32a-hub-rD4qrg/.research-control/projects/PRJ-1/research.sqlite (design §9: the database follows the project — one copy at a time)'
}
[research-control][plane][db-migration] {
  message: 'database migration complete: /tmp/t32a-ws-cLDVHx/.research/state/research.sqlite -> /tmp/t32a-hub-rD4qrg/.research-control/projects/PRJ-1/research.sqlite (the source location no longer exists)'
}
[research-control] research hub discovered at /tmp/t32a-hub-rD4qrg — plane: 1 managed, 0 standalone, 0 missing (of 2 registered workspaces)
[research-control][startup-integrity] startup integrity GATE: outcome=ok (db=pass; tree=pass; consistency=pass) — the git boundary check settles and logs separately
[research-control][investigator] the production investigator face is wired (launcher port bound + analysis_record face + all-read transient reader — WP-7.4 / G7 S1)
[research-control][semantic-rebuild] incremental ≡ rebuild (0 rows)
[research-control][semantic-rebuild] derived_state replaced (0 rows, one independent transaction)
[research-control][wiring] host wiring ready (project PRJ-1; 3 workstreams; 4 tasks)

stdout | tests/rpc-plane/mutations-rpc-face.test.ts > bindProject (§12 row 5) — the 接入 face > rejects: the hub workspace itself (PLANE_HUB_WORKSPACE) / an already-MANAGED project (PLANE_ALREADY_MANAGED)
[research-control][plane][bindProject-completed] {
  projectId: 'PRJ-1',
  wsPath: '/tmp/t32a-ws-cLDVHx',
  hubPath: '/tmp/t32a-hub-rD4qrg',
  dbMigrated: true,
  registryPath: '/tmp/t32a-hub-rD4qrg/.research-control/registry.yaml'
}

 ✓ tests/wiring/ui4-current-rpc.test.ts (15 tests) 3999ms
       ✓ happy path: 基线树目标集在（ADJ-6）, 其余四面空; 结果过冻结 schema（含可选 projectId 面）  391ms
       ✓ CF focus + 种事件 ⇒ derived 两规则点火（确定性序）; 重复读深相等（reload-no-drift 单元面）  314ms
       ✓ 组合编辑（statement + status 一次调用）: 终态 status 回执; 读面反映两者  355ms
stdout | tests/rpc-plane/mutations-rpc-face.test.ts > unbindProject (§12 row 6) — the 解除绑定 face > happy: unbinds a MANAGED project — the entry tombstoned, the tree renamed to <treeDir>.archived-<ts>, the NEXT read sees neither
[research-control] research hub discovered at /tmp/t32a-hub-4JkG3X — plane: 1 managed, 0 standalone, 0 missing (of 2 registered workspaces)
[research-control][startup-integrity] startup integrity GATE: outcome=ok (db=pass; tree=pass; consistency=pass) — the git boundary check settles and logs separately
[research-control][investigator] the production investigator face is wired (launcher port bound + analysis_record face + all-read transient reader — WP-7.4 / G7 S1)
[research-control][semantic-rebuild] incremental ≡ rebuild (0 rows)
[research-control][semantic-rebuild] derived_state replaced (0 rows, one independent transaction)
[research-control][wiring] host wiring ready (project PRJ-1; 3 workstreams; 4 tasks)
[research-control] registered 11 research tools (project PRJ-1)

stderr | tests/rpc-plane/mutations-rpc-face.test.ts > unbindProject (§12 row 6) — the 解除绑定 face > happy: unbinds a MANAGED project — the entry tombstoned, the tree renamed to <treeDir>.archived-<ts>, the NEXT read sees neither
[research-control] the host exposes no command registry (non-web profile) — the /research-investigate one-click entry and the analysis data-face commands (/research-transient-read, /research-analysis-list, /research-analysis-save) are unavailable (any attempt still fails loud at use time; no degraded launch, no forged data)

stdout | tests/rpc-plane/mutations-rpc-face.test.ts > unbindProject (§12 row 6) — the 解除绑定 face > happy: unbinds a MANAGED project — the entry tombstoned, the tree renamed to <treeDir>.archived-<ts>, the NEXT read sees neither
[research-control] research hub discovered at /tmp/t32a-hub-4JkG3X — plane: 0 managed, 0 standalone, 0 missing (of 2 registered workspaces)

stderr | tests/rpc-plane/mutations-rpc-face.test.ts > unbindProject (§12 row 6) — the 解除绑定 face > happy: unbinds a MANAGED project — the entry tombstoned, the tree renamed to <treeDir>.archived-<ts>, the NEXT read sees neither
[research-control] the discovered hub's registry declares no project (no .research tree was discovered in any registered workspace) — the plane has no project: the tools are NOT registered (single-project planes only) and the 13 per-project RPCs fail loud until a project exists (register a project through the settings plane); the 9 plane RPCs still serve the empty plane state (the design §6 引导卡 data source — the 研究 tab renders its boot state from it)

stdout | tests/rpc-plane/mutations-rpc-face.test.ts > unbindProject (§12 row 6) — the 解除绑定 face > happy: unbinds a MANAGED project — the entry tombstoned, the tree renamed to <treeDir>.archived-<ts>, the NEXT read sees neither
[research-control][plane][unbindProject-completed] {
  projectId: 'PRJ-1',
  wsPath: '/tmp/t32a-ws-d9bvZ4',
  archivedDir: '/tmp/t32a-ws-d9bvZ4/.research.archived-1790923852735'
}

stdout | tests/rpc-plane/mutations-rpc-face.test.ts > unbindProject (§12 row 6) — the 解除绑定 face > rejects: a STANDALONE project → PLANE_NOT_MANAGED (bindProject first)
[research-control] research hub discovered at /tmp/t32a-hub-jjGem0 — plane: 0 managed, 1 standalone, 0 missing (of 2 registered workspaces)
[research-control][startup-integrity] startup integrity GATE: outcome=ok (db=pass; tree=pass; consistency=pass) — the git boundary check settles and logs separately
[research-control][investigator] the production investigator face is wired (launcher port bound + analysis_record face + all-read transient reader — WP-7.4 / G7 S1)
[research-control][semantic-rebuild] incremental ≡ rebuild (0 rows)
[research-control][semantic-rebuild] derived_state replaced (0 rows, one independent transaction)
[research-control][wiring] host wiring ready (project PRJ-2; 3 workstreams; 4 tasks)
[research-control] registered 11 research tools (project PRJ-2)

stderr | tests/rpc-plane/mutations-rpc-face.test.ts > unbindProject (§12 row 6) — the 解除绑定 face > rejects: a STANDALONE project → PLANE_NOT_MANAGED (bindProject first)
[research-control] standalone research tree at /tmp/t32a-ws-0Kbqss (project PRJ-2) — the tree is not registered in a hub (no registry entry at this path) — running standalone; silent by design (no popup, this log line is the record); register it through the settings plane to move it under the hub
[research-control] the host exposes no command registry (non-web profile) — the /research-investigate one-click entry and the analysis data-face commands (/research-transient-read, /research-analysis-list, /research-analysis-save) are unavailable (any attempt still fails loud at use time; no degraded launch, no forged data)

stdout | tests/rpc-plane/mutations-rpc-face.test.ts > restoreProject (§12 row 7) — the 恢复登记 face > happy: restores the just-unbound project — the tree renamed back, the entry re-activated, the NEXT read shows MANAGED
[research-control] research hub discovered at /tmp/t32a-hub-ZGbfUF — plane: 1 managed, 0 standalone, 0 missing (of 2 registered workspaces)
[research-control][startup-integrity] startup integrity GATE: outcome=ok (db=pass; tree=pass; consistency=pass) — the git boundary check settles and logs separately
[research-control][investigator] the production investigator face is wired (launcher port bound + analysis_record face + all-read transient reader — WP-7.4 / G7 S1)
[research-control][semantic-rebuild] incremental ≡ rebuild (0 rows)
[research-control][semantic-rebuild] derived_state replaced (0 rows, one independent transaction)
[research-control][wiring] host wiring ready (project PRJ-1; 3 workstreams; 4 tasks)
[research-control] registered 11 research tools (project PRJ-1)

stderr | tests/rpc-plane/mutations-rpc-face.test.ts > restoreProject (§12 row 7) — the 恢复登记 face > happy: restores the just-unbound project — the tree renamed back, the entry re-activated, the NEXT read shows MANAGED
[research-control] the host exposes no command registry (non-web profile) — the /research-investigate one-click entry and the analysis data-face commands (/research-transient-read, /research-analysis-list, /research-analysis-save) are unavailable (any attempt still fails loud at use time; no degraded launch, no forged data)

stdout | tests/rpc-plane/mutations-rpc-face.test.ts > restoreProject (§12 row 7) — the 恢复登记 face > happy: restores the just-unbound project — the tree renamed back, the entry re-activated, the NEXT read shows MANAGED
[research-control] research hub discovered at /tmp/t32a-hub-ZGbfUF — plane: 0 managed, 0 standalone, 0 missing (of 2 registered workspaces)

stderr | tests/rpc-plane/mutations-rpc-face.test.ts > restoreProject (§12 row 7) — the 恢复登记 face > happy: restores the just-unbound project — the tree renamed back, the entry re-activated, the NEXT read shows MANAGED
[research-control] the discovered hub's registry declares no project (no .research tree was discovered in any registered workspace) — the plane has no project: the tools are NOT registered (single-project planes only) and the 13 per-project RPCs fail loud until a project exists (register a project through the settings plane); the 9 plane RPCs still serve the empty plane state (the design §6 引导卡 data source — the 研究 tab renders its boot state from it)

stdout | tests/rpc-plane/mutations-rpc-face.test.ts > restoreProject (§12 row 7) — the 恢复登记 face > happy: restores the just-unbound project — the tree renamed back, the entry re-activated, the NEXT read shows MANAGED
[research-control][plane][unbindProject-completed] {
  projectId: 'PRJ-1',
  wsPath: '/tmp/t32a-ws-JcrHI1',
  archivedDir: '/tmp/t32a-ws-JcrHI1/.research.archived-1790923853348'
}

stdout | tests/rpc-plane/mutations-rpc-face.test.ts > restoreProject (§12 row 7) — the 恢复登记 face > happy: restores the just-unbound project — the tree renamed back, the entry re-activated, the NEXT read shows MANAGED
[research-control] research hub discovered at /tmp/t32a-hub-ZGbfUF — plane: 1 managed, 0 standalone, 0 missing (of 2 registered workspaces)
[research-control][startup-integrity] startup integrity GATE: outcome=ok (db=pass; tree=pass; consistency=pass) — the git boundary check settles and logs separately
[research-control][investigator] the production investigator face is wired (launcher port bound + analysis_record face + all-read transient reader — WP-7.4 / G7 S1)
[research-control][semantic-rebuild] incremental ≡ rebuild (0 rows)
[research-control][semantic-rebuild] derived_state replaced (0 rows, one independent transaction)
[research-control][wiring] host wiring ready (project PRJ-1; 3 workstreams; 4 tasks)

stdout | tests/rpc-plane/mutations-rpc-face.test.ts > restoreProject (§12 row 7) — the 恢复登记 face > happy: restores the just-unbound project — the tree renamed back, the entry re-activated, the NEXT read shows MANAGED
[research-control][plane][restoreProject-completed] {
  projectId: 'PRJ-1',
  wsPath: '/tmp/t32a-ws-JcrHI1',
  archivedDir: '/tmp/t32a-ws-JcrHI1/.research.archived-1790923853348'
}

stdout | tests/rpc-plane/mutations-rpc-face.test.ts > restoreProject (§12 row 7) — the 恢复登记 face > happy: restores the just-unbound project — the tree renamed back, the entry re-activated, the NEXT read shows MANAGED
[research-control][startup-integrity] git boundary: pass — clean working tree (no dirty paths)

stdout | tests/rpc-plane/mutations-rpc-face.test.ts > restoreProject (§12 row 7) — the 恢复登记 face > happy: restores the just-unbound project — the tree renamed back, the entry re-activated, the NEXT read shows MANAGED
[research-control][startup-integrity] git boundary: pass — clean working tree (no dirty paths)

stdout | tests/hierarchy/rpc-face.test.ts > V2-UI-0.4 (Task 3) — createTopic / createWorkstream over the real host service > createTopic allocates TPC-2 and the new node is VISIBLE ON THE NEXT READ (no restart, no rescan)
[research-control][startup-integrity] startup integrity GATE: outcome=ok (db=pass; tree=pass; consistency=pass) — the git boundary check settles and logs separately
[research-control][investigator] the production investigator face is wired (launcher port bound + analysis_record face + all-read transient reader — WP-7.4 / G7 S1)
[research-control][semantic-rebuild] incremental ≡ rebuild (0 rows)
[research-control][semantic-rebuild] derived_state replaced (0 rows, one independent transaction)
[research-control][wiring] host wiring ready (project PRJ-1; 3 workstreams; 4 tasks)
[research-control] registered 11 research tools (project PRJ-1)

stderr | tests/hierarchy/rpc-face.test.ts > V2-UI-0.4 (Task 3) — createTopic / createWorkstream over the real host service > createTopic allocates TPC-2 and the new node is VISIBLE ON THE NEXT READ (no restart, no rescan)
[research-control] the host exposes no settings service — the research settings card (namespace "dsh-research-control") is unavailable and the directory names stay at the defaults (".research" / ".research-control"); discovery is unaffected (warned once)
[research-control] standalone research tree at /tmp/t32a-ws-ppkPES (project PRJ-1) — the tree is not registered in a hub (no registry entry at this path) — running standalone; silent by design (no popup, this log line is the record); register it through the settings plane to move it under the hub
[research-control] the host exposes no command registry (non-web profile) — the /research-investigate one-click entry and the analysis data-face commands (/research-transient-read, /research-analysis-list, /research-analysis-save) are unavailable (any attempt still fails loud at use time; no degraded launch, no forged data)

stdout | tests/rpc-plane/mutations-rpc-face.test.ts > restoreProject (§12 row 7) — the 恢复登记 face > rejects: an unknown id and the same id twice → PLANE_NOT_ARCHIVED (an active id is not a tombstone)
[research-control] research hub discovered at /tmp/t32a-hub-XFs5Ec — plane: 1 managed, 0 standalone, 0 missing (of 2 registered workspaces)
[research-control][startup-integrity] startup integrity GATE: outcome=ok (db=pass; tree=pass; consistency=pass) — the git boundary check settles and logs separately
[research-control][investigator] the production investigator face is wired (launcher port bound + analysis_record face + all-read transient reader — WP-7.4 / G7 S1)
[research-control][semantic-rebuild] incremental ≡ rebuild (0 rows)
[research-control][semantic-rebuild] derived_state replaced (0 rows, one independent transaction)
[research-control][wiring] host wiring ready (project PRJ-1; 3 workstreams; 4 tasks)
[research-control] registered 11 research tools (project PRJ-1)

stderr | tests/rpc-plane/mutations-rpc-face.test.ts > restoreProject (§12 row 7) — the 恢复登记 face > rejects: an unknown id and the same id twice → PLANE_NOT_ARCHIVED (an active id is not a tombstone)
[research-control] the host exposes no command registry (non-web profile) — the /research-investigate one-click entry and the analysis data-face commands (/research-transient-read, /research-analysis-list, /research-analysis-save) are unavailable (any attempt still fails loud at use time; no degraded launch, no forged data)

stdout | tests/rpc-plane/mutations-rpc-face.test.ts > restoreProject (§12 row 7) — the 恢复登记 face > rejects: an unknown id and the same id twice → PLANE_NOT_ARCHIVED (an active id is not a tombstone)
[research-control] research hub discovered at /tmp/t32a-hub-XFs5Ec — plane: 0 managed, 0 standalone, 0 missing (of 2 registered workspaces)

stderr | tests/rpc-plane/mutations-rpc-face.test.ts > restoreProject (§12 row 7) — the 恢复登记 face > rejects: an unknown id and the same id twice → PLANE_NOT_ARCHIVED (an active id is not a tombstone)
[research-control] the discovered hub's registry declares no project (no .research tree was discovered in any registered workspace) — the plane has no project: the tools are NOT registered (single-project planes only) and the 13 per-project RPCs fail loud until a project exists (register a project through the settings plane); the 9 plane RPCs still serve the empty plane state (the design §6 引导卡 data source — the 研究 tab renders its boot state from it)

stdout | tests/rpc-plane/mutations-rpc-face.test.ts > restoreProject (§12 row 7) — the 恢复登记 face > rejects: an unknown id and the same id twice → PLANE_NOT_ARCHIVED (an active id is not a tombstone)
[research-control][plane][unbindProject-completed] {
  projectId: 'PRJ-1',
  wsPath: '/tmp/t32a-ws-IxoN6q',
  archivedDir: '/tmp/t32a-ws-IxoN6q/.research.archived-1790923854099'
}

stdout | tests/rpc-plane/mutations-rpc-face.test.ts > restoreProject (§12 row 7) — the 恢复登记 face > rejects: an unknown id and the same id twice → PLANE_NOT_ARCHIVED (an active id is not a tombstone)
[research-control] research hub discovered at /tmp/t32a-hub-XFs5Ec — plane: 1 managed, 0 standalone, 0 missing (of 2 registered workspaces)
[research-control][startup-integrity] startup integrity GATE: outcome=ok (db=pass; tree=pass; consistency=pass) — the git boundary check settles and logs separately
[research-control][investigator] the production investigator face is wired (launcher port bound + analysis_record face + all-read transient reader — WP-7.4 / G7 S1)
[research-control][semantic-rebuild] incremental ≡ rebuild (0 rows)
[research-control][semantic-rebuild] derived_state replaced (0 rows, one independent transaction)
[research-control][wiring] host wiring ready (project PRJ-1; 3 workstreams; 4 tasks)

stdout | tests/rpc-plane/mutations-rpc-face.test.ts > restoreProject (§12 row 7) — the 恢复登记 face > rejects: an unknown id and the same id twice → PLANE_NOT_ARCHIVED (an active id is not a tombstone)
[research-control][plane][restoreProject-completed] {
  projectId: 'PRJ-1',
  wsPath: '/tmp/t32a-ws-IxoN6q',
  archivedDir: '/tmp/t32a-ws-IxoN6q/.research.archived-1790923854099'
}

stdout | tests/hierarchy/rpc-face.test.ts > V2-UI-0.4 (Task 3) — createTopic / createWorkstream over the real host service > createTopic carries the optional description into the read face
[research-control][startup-integrity] startup integrity GATE: outcome=ok (db=pass; tree=pass; consistency=pass) — the git boundary check settles and logs separately
[research-control][investigator] the production investigator face is wired (launcher port bound + analysis_record face + all-read transient reader — WP-7.4 / G7 S1)
[research-control][semantic-rebuild] incremental ≡ rebuild (0 rows)
[research-control][semantic-rebuild] derived_state replaced (0 rows, one independent transaction)
[research-control][wiring] host wiring ready (project PRJ-1; 3 workstreams; 4 tasks)
[research-control] registered 11 research tools (project PRJ-1)

stderr | tests/hierarchy/rpc-face.test.ts > V2-UI-0.4 (Task 3) — createTopic / createWorkstream over the real host service > createTopic carries the optional description into the read face
[research-control] standalone research tree at /tmp/t32a-ws-cTbdXK (project PRJ-1) — the tree is not registered in a hub (no registry entry at this path) — running standalone; silent by design (no popup, this log line is the record); register it through the settings plane to move it under the hub
[research-control] the host exposes no command registry (non-web profile) — the /research-investigate one-click entry and the analysis data-face commands (/research-transient-read, /research-analysis-list, /research-analysis-save) are unavailable (any attempt still fails loud at use time; no degraded launch, no forged data)

stdout | tests/rpc-plane/mutations-rpc-face.test.ts > rescan (§12 row 8) — the 重扫并连接 face > happy: returns the fresh plane summary over a 2-project plane (MANAGED + STANDALONE)
[research-control] research hub discovered at /tmp/t32a-hub-LR8SVb — plane: 1 managed, 1 standalone, 0 missing (of 3 registered workspaces)
[research-control][startup-integrity] startup integrity GATE: outcome=ok (db=pass; tree=pass; consistency=pass) — the git boundary check settles and logs separately
[research-control][investigator] the production investigator face is wired (launcher port bound + analysis_record face + all-read transient reader — WP-7.4 / G7 S1)
[research-control][semantic-rebuild] incremental ≡ rebuild (0 rows)
[research-control][semantic-rebuild] derived_state replaced (0 rows, one independent transaction)
[research-control][wiring] host wiring ready (project PRJ-1; 3 workstreams; 4 tasks)
[research-control][startup-integrity] startup integrity GATE: outcome=ok (db=pass; tree=pass; consistency=pass) — the git boundary check settles and logs separately
[research-control][investigator] the production investigator face is wired (launcher port bound + analysis_record face + all-read transient reader — WP-7.4 / G7 S1)
[research-control][semantic-rebuild] incremental ≡ rebuild (0 rows)
[research-control][semantic-rebuild] derived_state replaced (0 rows, one independent transaction)
[research-control][wiring] host wiring ready (project PRJ-2; 3 workstreams; 4 tasks)

stderr | tests/rpc-plane/mutations-rpc-face.test.ts > rescan (§12 row 8) — the 重扫并连接 face > happy: returns the fresh plane summary over a 2-project plane (MANAGED + STANDALONE)
[research-control] standalone research tree at /tmp/t32a-ws-Zh7Mdd (project PRJ-2) — the tree is not registered in a hub (no registry entry at this path) — running standalone; silent by design (no popup, this log line is the record); register it through the settings plane to move it under the hub
[research-control] the plane has 2 projects (PRJ-1, PRJ-2) — the 11 agent tools and the investigate/analysis commands are NOT registered this round: their frozen face carries no projectId, so there is no unambiguous routing target (design §12.1); the 13 RPCs route through their optional projectId (omitted + several active projects → a clear error listing the projects)

stdout | tests/hierarchy/rpc-face.test.ts > V2-UI-0.4 (Task 3) — createTopic / createWorkstream over the real host service > allocation is monotonic across calls (each create re-loads a fresh tree)
[research-control][startup-integrity] startup integrity GATE: outcome=ok (db=pass; tree=pass; consistency=pass) — the git boundary check settles and logs separately
[research-control][investigator] the production investigator face is wired (launcher port bound + analysis_record face + all-read transient reader — WP-7.4 / G7 S1)
[research-control][semantic-rebuild] incremental ≡ rebuild (0 rows)
[research-control][semantic-rebuild] derived_state replaced (0 rows, one independent transaction)
[research-control][wiring] host wiring ready (project PRJ-1; 3 workstreams; 4 tasks)
[research-control] registered 11 research tools (project PRJ-1)

stderr | tests/hierarchy/rpc-face.test.ts > V2-UI-0.4 (Task 3) — createTopic / createWorkstream over the real host service > allocation is monotonic across calls (each create re-loads a fresh tree)
[research-control] standalone research tree at /tmp/t32a-ws-gx9YUL (project PRJ-1) — the tree is not registered in a hub (no registry entry at this path) — running standalone; silent by design (no popup, this log line is the record); register it through the settings plane to move it under the hub
[research-control] the host exposes no command registry (non-web profile) — the /research-investigate one-click entry and the analysis data-face commands (/research-transient-read, /research-analysis-list, /research-analysis-save) are unavailable (any attempt still fails loud at use time; no degraded launch, no forged data)

stdout | tests/rpc-plane/mutations-rpc-face.test.ts > rescan (§12 row 8) — the 重扫并连接 face > happy: returns the fresh plane summary over a 2-project plane (MANAGED + STANDALONE)
[research-control] research hub discovered at /tmp/t32a-hub-LR8SVb — plane: 1 managed, 1 standalone, 0 missing (of 3 registered workspaces)
[research-control][startup-integrity] startup integrity GATE: outcome=ok (db=pass; tree=pass; consistency=pass) — the git boundary check settles and logs separately
[research-control][investigator] the production investigator face is wired (launcher port bound + analysis_record face + all-read transient reader — WP-7.4 / G7 S1)
[research-control][semantic-rebuild] incremental ≡ rebuild (0 rows)
[research-control][semantic-rebuild] derived_state replaced (0 rows, one independent transaction)
[research-control][wiring] host wiring ready (project PRJ-1; 3 workstreams; 4 tasks)
[research-control][startup-integrity] startup integrity GATE: outcome=ok (db=pass; tree=pass; consistency=pass) — the git boundary check settles and logs separately
[research-control][investigator] the production investigator face is wired (launcher port bound + analysis_record face + all-read transient reader — WP-7.4 / G7 S1)
[research-control][semantic-rebuild] incremental ≡ rebuild (0 rows)
[research-control][semantic-rebuild] derived_state replaced (0 rows, one independent transaction)
[research-control][wiring] host wiring ready (project PRJ-2; 3 workstreams; 4 tasks)

stderr | tests/rpc-plane/mutations-rpc-face.test.ts > rescan (§12 row 8) — the 重扫并连接 face > happy: returns the fresh plane summary over a 2-project plane (MANAGED + STANDALONE)
[research-control] standalone research tree at /tmp/t32a-ws-Zh7Mdd (project PRJ-2) — the tree is not registered in a hub (no registry entry at this path) — running standalone; silent by design (no popup, this log line is the record); register it through the settings plane to move it under the hub

stdout | tests/rpc-plane/mutations-rpc-face.test.ts > rescan (§12 row 8) — the 重扫并连接 face > happy: returns the fresh plane summary over a 2-project plane (MANAGED + STANDALONE)
[research-control][plane][rescan-completed] {
  hubPath: '/tmp/t32a-hub-LR8SVb',
  projects: 2,
  missing: 0,
  deferred: 0
}

stderr | tests/rpc-plane/mutations-rpc-face.test.ts > rescan (§12 row 8) — the 重扫并连接 face > rejects: a non-empty strict-args object (the request is the EMPTY strict object — any field is a decode fault)
[research-control] no registered workspace carries a .research tree and no .research-control hub was discovered — the plane has no project: the tools are NOT registered (single-project planes only) and the 13 per-project RPCs fail loud until a project exists (bind a project or create a hub through the settings plane); the 9 plane RPCs still serve the empty plane state (the design §6 引导卡 data source — the 研究 tab renders its boot state from it)

stdout | tests/hierarchy/rpc-face.test.ts > V2-UI-0.4 (Task 3) — createTopic / createWorkstream over the real host service > createWorkstream allocates WS-4 (project-wide max+1) and the frozen default materializes: lifecycle PLANNED
[research-control][startup-integrity] startup integrity GATE: outcome=ok (db=pass; tree=pass; consistency=pass) — the git boundary check settles and logs separately
[research-control][investigator] the production investigator face is wired (launcher port bound + analysis_record face + all-read transient reader — WP-7.4 / G7 S1)
[research-control][semantic-rebuild] incremental ≡ rebuild (0 rows)
[research-control][semantic-rebuild] derived_state replaced (0 rows, one independent transaction)
[research-control][wiring] host wiring ready (project PRJ-1; 3 workstreams; 4 tasks)
[research-control] registered 11 research tools (project PRJ-1)

stderr | tests/hierarchy/rpc-face.test.ts > V2-UI-0.4 (Task 3) — createTopic / createWorkstream over the real host service > createWorkstream allocates WS-4 (project-wide max+1) and the frozen default materializes: lifecycle PLANNED
[research-control] standalone research tree at /tmp/t32a-ws-QDml97 (project PRJ-1) — the tree is not registered in a hub (no registry entry at this path) — running standalone; silent by design (no popup, this log line is the record); register it through the settings plane to move it under the hub
[research-control] the host exposes no command registry (non-web profile) — the /research-investigate one-click entry and the analysis data-face commands (/research-transient-read, /research-analysis-list, /research-analysis-save) are unavailable (any attempt still fails loud at use time; no degraded launch, no forged data)

stdout | tests/rpc-plane/mutations-rpc-face.test.ts > ackMissingReminder (§12 row 9) — the 推后处理 face > happy: acks a live MISSING registration — the flag SURVIVES the re-init, the NEXT read shows deferred: true
[research-control] research hub discovered at /tmp/t32a-hub-8hCSZU — plane: 1 managed, 0 standalone, 1 missing (of 3 registered workspaces)
[research-control][startup-integrity] startup integrity GATE: outcome=ok (db=pass; tree=pass; consistency=pass) — the git boundary check settles and logs separately
[research-control][investigator] the production investigator face is wired (launcher port bound + analysis_record face + all-read transient reader — WP-7.4 / G7 S1)
[research-control][semantic-rebuild] incremental ≡ rebuild (0 rows)
[research-control][semantic-rebuild] derived_state replaced (0 rows, one independent transaction)
[research-control][wiring] host wiring ready (project PRJ-1; 3 workstreams; 4 tasks)
[research-control] registered 11 research tools (project PRJ-1)

stderr | tests/rpc-plane/mutations-rpc-face.test.ts > ackMissingReminder (§12 row 9) — the 推后处理 face > happy: acks a live MISSING registration — the flag SURVIVES the re-init, the NEXT read shows deferred: true
[research-control] MISSING registered project PRJ-3 (缺失的项目) — its .research tree was not discovered at /tmp/t32a-plain-4xxO8F — awaiting user disposition (restore data / re-initialize / unbind / defer — the settings plane, T3.x)
[research-control] the host exposes no command registry (non-web profile) — the /research-investigate one-click entry and the analysis data-face commands (/research-transient-read, /research-analysis-list, /research-analysis-save) are unavailable (any attempt still fails loud at use time; no degraded launch, no forged data)

stdout | tests/rpc-plane/mutations-rpc-face.test.ts > ackMissingReminder (§12 row 9) — the 推后处理 face > happy: acks a live MISSING registration — the flag SURVIVES the re-init, the NEXT read shows deferred: true
[research-control][startup-integrity] git boundary: pass — clean working tree (no dirty paths)

stdout | tests/rpc-plane/mutations-rpc-face.test.ts > ackMissingReminder (§12 row 9) — the 推后处理 face > happy: acks a live MISSING registration — the flag SURVIVES the re-init, the NEXT read shows deferred: true
[research-control][startup-integrity] git boundary: pass — dirty working tree (1 dirty path(s), 1 under .research/) — reads unaffected; the checkpoint commits only .research/** (TC-GIT-001)

stdout | tests/rpc-plane/mutations-rpc-face.test.ts > ackMissingReminder (§12 row 9) — the 推后处理 face > happy: acks a live MISSING registration — the flag SURVIVES the re-init, the NEXT read shows deferred: true
[research-control][startup-integrity] git boundary: pass — dirty working tree (20 dirty path(s), 19 under .research/) — reads unaffected; the checkpoint commits only .research/** (TC-GIT-001)

stdout | tests/rpc-plane/mutations-rpc-face.test.ts > ackMissingReminder (§12 row 9) — the 推后处理 face > happy: acks a live MISSING registration — the flag SURVIVES the re-init, the NEXT read shows deferred: true
[research-control][startup-integrity] git boundary: pass — clean working tree (no dirty paths)

stdout | tests/rpc-plane/mutations-rpc-face.test.ts > ackMissingReminder (§12 row 9) — the 推后处理 face > happy: acks a live MISSING registration — the flag SURVIVES the re-init, the NEXT read shows deferred: true
[research-control][startup-integrity] git boundary: pass — clean working tree (no dirty paths)

stdout | tests/rpc-plane/mutations-rpc-face.test.ts > ackMissingReminder (§12 row 9) — the 推后处理 face > happy: acks a live MISSING registration — the flag SURVIVES the re-init, the NEXT read shows deferred: true
[research-control][startup-integrity] git boundary: pass — dirty working tree (1 dirty path(s), 1 under .research/) — reads unaffected; the checkpoint commits only .research/** (TC-GIT-001)

stdout | tests/rpc-plane/mutations-rpc-face.test.ts > ackMissingReminder (§12 row 9) — the 推后处理 face > happy: acks a live MISSING registration — the flag SURVIVES the re-init, the NEXT read shows deferred: true
[research-control][startup-integrity] git boundary: pass — clean working tree (no dirty paths)

stdout | tests/rpc-plane/mutations-rpc-face.test.ts > ackMissingReminder (§12 row 9) — the 推后处理 face > happy: acks a live MISSING registration — the flag SURVIVES the re-init, the NEXT read shows deferred: true
[research-control][startup-integrity] git boundary: pass — dirty working tree (1 dirty path(s), 1 under .research/) — reads unaffected; the checkpoint commits only .research/** (TC-GIT-001)

stdout | tests/rpc-plane/mutations-rpc-face.test.ts > ackMissingReminder (§12 row 9) — the 推后处理 face > happy: acks a live MISSING registration — the flag SURVIVES the re-init, the NEXT read shows deferred: true
[research-control][startup-integrity] git boundary: pass — clean working tree (no dirty paths)

stdout | tests/rpc-plane/mutations-rpc-face.test.ts > ackMissingReminder (§12 row 9) — the 推后处理 face > happy: acks a live MISSING registration — the flag SURVIVES the re-init, the NEXT read shows deferred: true
[research-control][startup-integrity] git boundary: pass — clean working tree (no dirty paths)

stdout | tests/rpc-plane/mutations-rpc-face.test.ts > ackMissingReminder (§12 row 9) — the 推后处理 face > happy: acks a live MISSING registration — the flag SURVIVES the re-init, the NEXT read shows deferred: true
[research-control][startup-integrity] git boundary: pass — clean working tree (no dirty paths)

stdout | tests/rpc-plane/mutations-rpc-face.test.ts > ackMissingReminder (§12 row 9) — the 推后处理 face > happy: acks a live MISSING registration — the flag SURVIVES the re-init, the NEXT read shows deferred: true
[research-control][startup-integrity] git boundary: pass — clean working tree (no dirty paths)

stdout | tests/rpc-plane/mutations-rpc-face.test.ts > ackMissingReminder (§12 row 9) — the 推后处理 face > happy: acks a live MISSING registration — the flag SURVIVES the re-init, the NEXT read shows deferred: true
[research-control][plane][ack-missing-reminder] { projectId: 'PRJ-3', deferred: 1 }

stdout | tests/hierarchy/rpc-face.test.ts > V2-UI-0.4 (Task 3) — createTopic / createWorkstream over the real host service > createWorkstream carries the optional summary into the read face
[research-control][startup-integrity] startup integrity GATE: outcome=ok (db=pass; tree=pass; consistency=pass) — the git boundary check settles and logs separately
[research-control][investigator] the production investigator face is wired (launcher port bound + analysis_record face + all-read transient reader — WP-7.4 / G7 S1)
[research-control][semantic-rebuild] incremental ≡ rebuild (0 rows)
[research-control][semantic-rebuild] derived_state replaced (0 rows, one independent transaction)
[research-control][wiring] host wiring ready (project PRJ-1; 3 workstreams; 4 tasks)
[research-control] registered 11 research tools (project PRJ-1)

stderr | tests/hierarchy/rpc-face.test.ts > V2-UI-0.4 (Task 3) — createTopic / createWorkstream over the real host service > createWorkstream carries the optional summary into the read face
[research-control] standalone research tree at /tmp/t32a-ws-uAljKN (project PRJ-1) — the tree is not registered in a hub (no registry entry at this path) — running standalone; silent by design (no popup, this log line is the record); register it through the settings plane to move it under the hub
[research-control] the host exposes no command registry (non-web profile) — the /research-investigate one-click entry and the analysis data-face commands (/research-transient-read, /research-analysis-list, /research-analysis-save) are unavailable (any attempt still fails loud at use time; no degraded launch, no forged data)

stdout | tests/rpc-plane/mutations-rpc-face.test.ts > ackMissingReminder (§12 row 9) — the 推后处理 face > rejects: an active MANAGED id and an unknown id → PLANE_NOT_MISSING (the flag is for live MISSING entries only)
[research-control] research hub discovered at /tmp/t32a-hub-bGefo1 — plane: 1 managed, 0 standalone, 1 missing (of 3 registered workspaces)
[research-control][startup-integrity] startup integrity GATE: outcome=ok (db=pass; tree=pass; consistency=pass) — the git boundary check settles and logs separately
[research-control][investigator] the production investigator face is wired (launcher port bound + analysis_record face + all-read transient reader — WP-7.4 / G7 S1)
[research-control][semantic-rebuild] incremental ≡ rebuild (0 rows)
[research-control][semantic-rebuild] derived_state replaced (0 rows, one independent transaction)
[research-control][wiring] host wiring ready (project PRJ-1; 3 workstreams; 4 tasks)
[research-control] registered 11 research tools (project PRJ-1)

stderr | tests/rpc-plane/mutations-rpc-face.test.ts > ackMissingReminder (§12 row 9) — the 推后处理 face > rejects: an active MANAGED id and an unknown id → PLANE_NOT_MISSING (the flag is for live MISSING entries only)
[research-control] MISSING registered project PRJ-3 (缺失的项目) — its .research tree was not discovered at /tmp/t32a-plain-jBiu5f — awaiting user disposition (restore data / re-initialize / unbind / defer — the settings plane, T3.x)
[research-control] the host exposes no command registry (non-web profile) — the /research-investigate one-click entry and the analysis data-face commands (/research-transient-read, /research-analysis-list, /research-analysis-save) are unavailable (any attempt still fails loud at use time; no degraded launch, no forged data)

stdout | tests/rpc-plane/mutations-rpc-face.test.ts
[research-control][startup-integrity] git boundary: pass — clean working tree (no dirty paths)

stdout | tests/hierarchy/rpc-face.test.ts > V2-UI-0.4 (Task 3) — createTopic / createWorkstream over the real host service > createWorkstream on an absent topic rejects with the [HIER_TOPIC_NOT_FOUND] wire carrier (nothing written)
[research-control][startup-integrity] startup integrity GATE: outcome=ok (db=pass; tree=pass; consistency=pass) — the git boundary check settles and logs separately
[research-control][investigator] the production investigator face is wired (launcher port bound + analysis_record face + all-read transient reader — WP-7.4 / G7 S1)
[research-control][semantic-rebuild] incremental ≡ rebuild (0 rows)
[research-control][semantic-rebuild] derived_state replaced (0 rows, one independent transaction)
[research-control][wiring] host wiring ready (project PRJ-1; 3 workstreams; 4 tasks)
[research-control] registered 11 research tools (project PRJ-1)

stderr | tests/hierarchy/rpc-face.test.ts > V2-UI-0.4 (Task 3) — createTopic / createWorkstream over the real host service > createWorkstream on an absent topic rejects with the [HIER_TOPIC_NOT_FOUND] wire carrier (nothing written)
[research-control] standalone research tree at /tmp/t32a-ws-bqQHG3 (project PRJ-1) — the tree is not registered in a hub (no registry entry at this path) — running standalone; silent by design (no popup, this log line is the record); register it through the settings plane to move it under the hub
[research-control] the host exposes no command registry (non-web profile) — the /research-investigate one-click entry and the analysis data-face commands (/research-transient-read, /research-analysis-list, /research-analysis-save) are unavailable (any attempt still fails loud at use time; no degraded launch, no forged data)

 ✓ tests/flooding/service.test.ts (17 tests) 9166ms
     ✓ 前 5 次不触发（5 == threshold 不严格大于）, 第 6 次触发并创建  574ms
     ✓ Intervention 行逐字段（§8 原文 + §9.2）  454ms
     ✓ INTERVENTION_CREATED 事件落库（owner=WS-1, actor=PLUGIN, payload 逐字段）  422ms
     ✓ §12.1 核查: 无 ManagementAction 新增（15 值枚举无 Intervention kind）  425ms
     ✓ 触发后第 7 个 PF 照常创建; 钩子返回 suppressed（不重复建）  520ms
     ✓ 钩子内部失败不抛、不阻塞: 坏 registry（isUsable=false）  543ms
     ✓ 钩子内部失败不抛: 外部快照缺 WS（事件校验拒 — registry 闭环真实生效）  449ms
     ✓ 失败烧号留 gap（§1.1 单调: release 不回收号）  545ms
     ✓ 用户关闭既有 OPEN AUTO_FLOODING 后, 再超阈重建（新 IV, 非迁移重开）  476ms
     ✓ WS-1 超阈不影响 WS-2; WS-2 独立超阈独立触发（各自 Intervention + 事件 owner）  1168ms
     ✓ policy 阈值 2: 第 3 个 PF 即触发（阈值读自 policy, 非默认 5）  639ms
     ✓ policy 文件缺失 = §8 默认阈值 5（缺省按 §8 原文）  1043ms
     ✓ policy 坏（冻结 schema 拒）⇒ 检查中止为 FLOODING_POLICY, 不建不抛  726ms
     ✓ plan 加载后触发同判定（6 OPEN ⇒ 触发, 与 PF 创建路径同核）  722ms
stdout | tests/hierarchy/rpc-face.test.ts > V2-UI-0.4 (Task 3) — createTopic / createWorkstream over the real host service > the strict-decode rejections precede routing (ZodError, no [research-control] carrier)
[research-control][startup-integrity] startup integrity GATE: outcome=ok (db=pass; tree=pass; consistency=pass) — the git boundary check settles and logs separately
[research-control][investigator] the production investigator face is wired (launcher port bound + analysis_record face + all-read transient reader — WP-7.4 / G7 S1)
[research-control][semantic-rebuild] incremental ≡ rebuild (0 rows)
[research-control][semantic-rebuild] derived_state replaced (0 rows, one independent transaction)
[research-control][wiring] host wiring ready (project PRJ-1; 3 workstreams; 4 tasks)
[research-control] registered 11 research tools (project PRJ-1)

stderr | tests/hierarchy/rpc-face.test.ts > V2-UI-0.4 (Task 3) — createTopic / createWorkstream over the real host service > the strict-decode rejections precede routing (ZodError, no [research-control] carrier)
[research-control] standalone research tree at /tmp/t32a-ws-yQGjLO (project PRJ-1) — the tree is not registered in a hub (no registry entry at this path) — running standalone; silent by design (no popup, this log line is the record); register it through the settings plane to move it under the hub
[research-control] the host exposes no command registry (non-web profile) — the /research-investigate one-click entry and the analysis data-face commands (/research-transient-read, /research-analysis-list, /research-analysis-save) are unavailable (any attempt still fails loud at use time; no degraded launch, no forged data)

 ✓ tests/rpc-plane/mutations-rpc-face.test.ts (15 tests) 5677ms
     ✓ happy: binds a STANDALONE project — the db 收编 migrates the real research.sqlite to the hub, the NEXT read shows MANAGED  608ms
     ✓ rejects: the hub workspace itself (PLANE_HUB_WORKSPACE) / an already-MANAGED project (PLANE_ALREADY_MANAGED)  407ms
     ✓ happy: unbinds a MANAGED project — the entry tombstoned, the tree renamed to <treeDir>.archived-<ts>, the NEXT read sees neither  410ms
     ✓ rejects: a STANDALONE project → PLANE_NOT_MANAGED (bindProject first)  317ms
     ✓ happy: restores the just-unbound project — the tree renamed back, the entry re-activated, the NEXT read shows MANAGED  629ms
     ✓ rejects: an unknown id and the same id twice → PLANE_NOT_ARCHIVED (an active id is not a tombstone)  656ms
     ✓ happy: returns the fresh plane summary over a 2-project plane (MANAGED + STANDALONE)  1096ms
     ✓ happy: acks a live MISSING registration — the flag SURVIVES the re-init, the NEXT read shows deferred: true  530ms
     ✓ rejects: an active MANAGED id and an unknown id → PLANE_NOT_MISSING (the flag is for live MISSING entries only)  453ms
stdout | tests/hierarchy/rpc-face.test.ts > V2-UI-0.4 (Task 3) — multi-project routing > an explicit projectId routes the create to the target project wiring (D §6.5)
[research-control][startup-integrity] startup integrity GATE: outcome=ok (db=pass; tree=pass; consistency=pass) — the git boundary check settles and logs separately
[research-control][investigator] the production investigator face is wired (launcher port bound + analysis_record face + all-read transient reader — WP-7.4 / G7 S1)
[research-control][semantic-rebuild] incremental ≡ rebuild (0 rows)
[research-control][semantic-rebuild] derived_state replaced (0 rows, one independent transaction)
[research-control][wiring] host wiring ready (project PRJ-1; 3 workstreams; 4 tasks)
[research-control][startup-integrity] startup integrity GATE: outcome=ok (db=pass; tree=pass; consistency=pass) — the git boundary check settles and logs separately
[research-control][investigator] the production investigator face is wired (launcher port bound + analysis_record face + all-read transient reader — WP-7.4 / G7 S1)
[research-control][semantic-rebuild] incremental ≡ rebuild (0 rows)
[research-control][semantic-rebuild] derived_state replaced (0 rows, one independent transaction)
[research-control][wiring] host wiring ready (project PRJ-2; 3 workstreams; 4 tasks)

stderr | tests/hierarchy/rpc-face.test.ts > V2-UI-0.4 (Task 3) — multi-project routing > an explicit projectId routes the create to the target project wiring (D §6.5)
[research-control] standalone research tree at /tmp/t32a-ws-yb6liQ (project PRJ-1) — the tree is not registered in a hub (no registry entry at this path) — running standalone; silent by design (no popup, this log line is the record); register it through the settings plane to move it under the hub
[research-control] standalone research tree at /tmp/t32a-ws-bQWgKp (project PRJ-2) — the tree is not registered in a hub (no registry entry at this path) — running standalone; silent by design (no popup, this log line is the record); register it through the settings plane to move it under the hub
[research-control] the plane has 2 projects (PRJ-1, PRJ-2) — the 11 agent tools and the investigate/analysis commands are NOT registered this round: their frozen face carries no projectId, so there is no unambiguous routing target (design §12.1); the 13 RPCs route through their optional projectId (omitted + several active projects → a clear error listing the projects)

stdout | tests/hierarchy/rpc-face.test.ts
[research-control][startup-integrity] git boundary: pass — dirty working tree (1 dirty path(s), 1 under .research/) — reads unaffected; the checkpoint commits only .research/** (TC-GIT-001)

stdout | tests/hierarchy/rpc-face.test.ts
[research-control][startup-integrity] git boundary: pass — dirty working tree (1 dirty path(s), 1 under .research/) — reads unaffected; the checkpoint commits only .research/** (TC-GIT-001)

stdout | tests/hierarchy/rpc-face.test.ts
[research-control][startup-integrity] git boundary: pass — dirty working tree (1 dirty path(s), 1 under .research/) — reads unaffected; the checkpoint commits only .research/** (TC-GIT-001)

stdout | tests/hierarchy/rpc-face.test.ts
[research-control][startup-integrity] git boundary: pass — dirty working tree (2 dirty path(s), 2 under .research/) — reads unaffected; the checkpoint commits only .research/** (TC-GIT-001)

stdout | tests/hierarchy/rpc-face.test.ts
[research-control][startup-integrity] git boundary: pass — dirty working tree (2 dirty path(s), 2 under .research/) — reads unaffected; the checkpoint commits only .research/** (TC-GIT-001)

stdout | tests/hierarchy/rpc-face.test.ts
[research-control][startup-integrity] git boundary: pass — dirty working tree (3 dirty path(s), 3 under .research/) — reads unaffected; the checkpoint commits only .research/** (TC-GIT-001)

stdout | tests/hierarchy/rpc-face.test.ts
[research-control][startup-integrity] git boundary: pass — dirty working tree (2 dirty path(s), 2 under .research/) — reads unaffected; the checkpoint commits only .research/** (TC-GIT-001)

stdout | tests/hierarchy/rpc-face.test.ts
[research-control][startup-integrity] git boundary: pass — dirty working tree (2 dirty path(s), 2 under .research/) — reads unaffected; the checkpoint commits only .research/** (TC-GIT-001)

stdout | tests/hierarchy/rpc-face.test.ts
[research-control][startup-integrity] git boundary: pass — dirty working tree (3 dirty path(s), 3 under .research/) — reads unaffected; the checkpoint commits only .research/** (TC-GIT-001)

 ✓ tests/planfork/create.test.ts (33 tests) 6145ms
     ✓ rejects NEW specs failing the per-kind frozen schema (PF_SPEC_INVALID, 精确 path)  512ms
     ✓ accepts equal anchors (纯插入) at items and both sentinel forms  353ms
     ✓ rejects a non-existent trigger ref (PF_TRIGGER_MISSING, §16.3 写入时校验)  504ms
 ✓ tests/wiring/run-reconcile.test.ts (8 tests) 5696ms
     ✓ REBUILD: a committed RUN_STARTED with no row is reconstructed (same id/owner/provenance)  1086ms
     ✓ REBUILD: a finished run (start + terminal committed, no row) is reconstructed WITH its terminal  774ms
     ✓ FAIL LOUD: the same divergence is NOT reconciled under policy "failLoud" (startup throws, the row stays missing)  724ms
     ✓ UNREBUILDABLE: a terminal event without any RUN_STARTED fails startup under EVERY policy  839ms
     ✓ ORPHAN double start: reported (non-fatal under rebuild), the event log keeps both, the row belongs to the winner  555ms
     ✓ ORPHAN double terminal: reported (non-fatal under rebuild); the row holds the FIRST terminal  651ms
     ✓ GHOST row: a run row with no RUN_* events is reported (non-fatal under rebuild) and KEPT (INV-HIST-7: no hard delete)  603ms
     ✓ RR-014②: a same-session parallel run (the double-bind loser) is NOT rebuilt — one DS : one run — and reported loud  438ms
 ✓ tests/hierarchy/rpc-face.test.ts (8 tests) 5247ms
     ✓ createTopic allocates TPC-2 and the new node is VISIBLE ON THE NEXT READ (no restart, no rescan)  805ms
     ✓ createTopic carries the optional description into the read face  551ms
     ✓ allocation is monotonic across calls (each create re-loads a fresh tree)  558ms
     ✓ createWorkstream allocates WS-4 (project-wide max+1) and the frozen default materializes: lifecycle PLANNED  458ms
     ✓ createWorkstream carries the optional summary into the read face  472ms
     ✓ createWorkstream on an absent topic rejects with the [HIER_TOPIC_NOT_FOUND] wire carrier (nothing written)  320ms
     ✓ the strict-decode rejections precede routing (ZodError, no [research-control] carrier)  323ms
     ✓ an explicit projectId routes the create to the target project wiring (D §6.5)  1226ms
stdout | tests/rpc-plane/routing.test.ts > §12.1 routing — explicit projectId (branch 1) > routes to the named project on a 2-project plane (the response carries THAT project data)
[research-control] research hub discovered at /tmp/t32a-hub-Igpo42 — plane: 1 managed, 1 standalone, 0 missing (of 3 registered workspaces)
[research-control][startup-integrity] startup integrity GATE: outcome=ok (db=pass; tree=pass; consistency=pass) — the git boundary check settles and logs separately
[research-control][investigator] the production investigator face is wired (launcher port bound + analysis_record face + all-read transient reader — WP-7.4 / G7 S1)
[research-control][semantic-rebuild] incremental ≡ rebuild (0 rows)
[research-control][semantic-rebuild] derived_state replaced (0 rows, one independent transaction)
[research-control][wiring] host wiring ready (project PRJ-1; 3 workstreams; 4 tasks)
[research-control][startup-integrity] startup integrity GATE: outcome=ok (db=pass; tree=pass; consistency=pass) — the git boundary check settles and logs separately
[research-control][investigator] the production investigator face is wired (launcher port bound + analysis_record face + all-read transient reader — WP-7.4 / G7 S1)
[research-control][semantic-rebuild] incremental ≡ rebuild (0 rows)
[research-control][semantic-rebuild] derived_state replaced (0 rows, one independent transaction)
[research-control][wiring] host wiring ready (project PRJ-2; 3 workstreams; 4 tasks)

stderr | tests/rpc-plane/routing.test.ts > §12.1 routing — explicit projectId (branch 1) > routes to the named project on a 2-project plane (the response carries THAT project data)
[research-control] the host exposes no settings service — the research settings card (namespace "dsh-research-control") is unavailable and the directory names stay at the defaults (".research" / ".research-control"); discovery is unaffected (warned once)
[research-control] standalone research tree at /tmp/t32a-ws-ol4qTY (project PRJ-2) — the tree is not registered in a hub (no registry entry at this path) — running standalone; silent by design (no popup, this log line is the record); register it through the settings plane to move it under the hub
[research-control] the plane has 2 projects (PRJ-1, PRJ-2) — the 11 agent tools and the investigate/analysis commands are NOT registered this round: their frozen face carries no projectId, so there is no unambiguous routing target (design §12.1); the 13 RPCs route through their optional projectId (omitted + several active projects → a clear error listing the projects)

stdout | tests/rpc-plane/routing.test.ts > §12.1 routing — omitted projectId (branches 2 + 3) > omitted & exactly one active project → that project (the V1 implicit-single behavior)
[research-control] research hub discovered at /tmp/t32a-hub-DvS24d — plane: 1 managed, 0 standalone, 0 missing (of 2 registered workspaces)
[research-control][startup-integrity] startup integrity GATE: outcome=ok (db=pass; tree=pass; consistency=pass) — the git boundary check settles and logs separately
[research-control][investigator] the production investigator face is wired (launcher port bound + analysis_record face + all-read transient reader — WP-7.4 / G7 S1)
[research-control][semantic-rebuild] incremental ≡ rebuild (0 rows)
[research-control][semantic-rebuild] derived_state replaced (0 rows, one independent transaction)
[research-control][wiring] host wiring ready (project PRJ-1; 3 workstreams; 4 tasks)
[research-control] registered 11 research tools (project PRJ-1)

stderr | tests/rpc-plane/routing.test.ts > §12.1 routing — omitted projectId (branches 2 + 3) > omitted & exactly one active project → that project (the V1 implicit-single behavior)
[research-control] the host exposes no command registry (non-web profile) — the /research-investigate one-click entry and the analysis data-face commands (/research-transient-read, /research-analysis-list, /research-analysis-save) are unavailable (any attempt still fails loud at use time; no degraded launch, no forged data)

stdout | tests/rpc-plane/routing.test.ts > §12.1 routing — omitted projectId (branches 2 + 3) > omitted & several active projects → a clear error listing every project id (never guess)
[research-control] research hub discovered at /tmp/t32a-hub-uu5Oov — plane: 1 managed, 1 standalone, 0 missing (of 3 registered workspaces)
[research-control][startup-integrity] startup integrity GATE: outcome=ok (db=pass; tree=pass; consistency=pass) — the git boundary check settles and logs separately
[research-control][investigator] the production investigator face is wired (launcher port bound + analysis_record face + all-read transient reader — WP-7.4 / G7 S1)
[research-control][semantic-rebuild] incremental ≡ rebuild (0 rows)
[research-control][semantic-rebuild] derived_state replaced (0 rows, one independent transaction)
[research-control][wiring] host wiring ready (project PRJ-1; 3 workstreams; 4 tasks)
[research-control][startup-integrity] startup integrity GATE: outcome=ok (db=pass; tree=pass; consistency=pass) — the git boundary check settles and logs separately
[research-control][investigator] the production investigator face is wired (launcher port bound + analysis_record face + all-read transient reader — WP-7.4 / G7 S1)
[research-control][semantic-rebuild] incremental ≡ rebuild (0 rows)
[research-control][semantic-rebuild] derived_state replaced (0 rows, one independent transaction)
[research-control][wiring] host wiring ready (project PRJ-2; 3 workstreams; 4 tasks)

stderr | tests/rpc-plane/routing.test.ts > §12.1 routing — omitted projectId (branches 2 + 3) > omitted & several active projects → a clear error listing every project id (never guess)
[research-control] standalone research tree at /tmp/t32a-ws-225bdp (project PRJ-2) — the tree is not registered in a hub (no registry entry at this path) — running standalone; silent by design (no popup, this log line is the record); register it through the settings plane to move it under the hub
[research-control] the plane has 2 projects (PRJ-1, PRJ-2) — the 11 agent tools and the investigate/analysis commands are NOT registered this round: their frozen face carries no projectId, so there is no unambiguous routing target (design §12.1); the 13 RPCs route through their optional projectId (omitted + several active projects → a clear error listing the projects)

stdout | tests/rpc-plane/routing.test.ts > §12.1 routing — the two error edges > explicit projectId naming no active project → UNKNOWN_PROJECT (the candidates are listed)
[research-control] research hub discovered at /tmp/t32a-hub-79JZaz — plane: 1 managed, 1 standalone, 0 missing (of 3 registered workspaces)
[research-control][startup-integrity] startup integrity GATE: outcome=ok (db=pass; tree=pass; consistency=pass) — the git boundary check settles and logs separately
[research-control][investigator] the production investigator face is wired (launcher port bound + analysis_record face + all-read transient reader — WP-7.4 / G7 S1)
[research-control][semantic-rebuild] incremental ≡ rebuild (0 rows)
[research-control][semantic-rebuild] derived_state replaced (0 rows, one independent transaction)
[research-control][wiring] host wiring ready (project PRJ-1; 3 workstreams; 4 tasks)
[research-control][startup-integrity] startup integrity GATE: outcome=ok (db=pass; tree=pass; consistency=pass) — the git boundary check settles and logs separately
[research-control][investigator] the production investigator face is wired (launcher port bound + analysis_record face + all-read transient reader — WP-7.4 / G7 S1)
[research-control][semantic-rebuild] incremental ≡ rebuild (0 rows)
[research-control][semantic-rebuild] derived_state replaced (0 rows, one independent transaction)
[research-control][wiring] host wiring ready (project PRJ-2; 3 workstreams; 4 tasks)

stderr | tests/rpc-plane/routing.test.ts > §12.1 routing — the two error edges > explicit projectId naming no active project → UNKNOWN_PROJECT (the candidates are listed)
[research-control] standalone research tree at /tmp/t32a-ws-mUJ3ab (project PRJ-2) — the tree is not registered in a hub (no registry entry at this path) — running standalone; silent by design (no popup, this log line is the record); register it through the settings plane to move it under the hub
[research-control] the plane has 2 projects (PRJ-1, PRJ-2) — the 11 agent tools and the investigate/analysis commands are NOT registered this round: their frozen face carries no projectId, so there is no unambiguous routing target (design §12.1); the 13 RPCs route through their optional projectId (omitted + several active projects → a clear error listing the projects)

 ✓ tests/investigator-readers/audit-refresh.test.ts (9 tests) 3742ms
     ✓ 干净仓 ⇒ 零 discrepancy / 零捕获 / Inbox 空  878ms
     ✓ zone 首扫 = 基线建立（不捕获）; 新增文件（差分 added）⇒ AUTO 捕获  798ms
     ✓ zone 文件换名（removed + added）⇒ 旧指纹出基线, 新文件重新捕获  460ms
     ✓ tracked 修改（.research 外, 已提交）⇒ PROPOSE 捕获（二次刷新去重）  463ms
     ✓ strict-tracked 声明路径被删除 ⇒ ESCALATE 批: 升级条目 + AUTO_AUDIT Intervention  330ms
 ✓ tests/investigator-readers/from-wiring.test.ts (5 tests) 3215ms
     ✓ 干净仓: 五段全 ok（树真值 + 干净 git + 空注册表）  1034ms
     ✓ workstream scope: plugin 状态收窄 + 组装透传  585ms
     ✓ session 查询: sessionlink 指针面真值（绑定命中 + 未绑定 null）  451ms
     ✓ artifact refs: 真实语义注册表（事件追加 → derived 行 → 投影 + 范围过滤）  603ms
     ✓ git log scope 路径换算（ws → 声明式 ws 目录; 未知 id = RD_INPUT 段）  534ms
stdout | tests/discovery/host-startup.test.ts
[research-control][startup-integrity] git boundary: pass — dirty working tree (20 dirty path(s), 1 under my-tree/) — reads unaffected; the checkpoint commits only my-tree/** (TC-GIT-001)

stdout | tests/discovery/host-startup.test.ts
[research-control][startup-integrity] git boundary: pass — dirty working tree (1 dirty path(s), 1 under .research/) — reads unaffected; the checkpoint commits only .research/** (TC-GIT-001)

stdout | tests/discovery/host-startup.test.ts
[research-control][startup-integrity] git boundary: pass — clean working tree (no dirty paths)

stdout | tests/discovery/host-startup.test.ts
[research-control][startup-integrity] git boundary: pass — dirty working tree (1 dirty path(s), 1 under .research/) — reads unaffected; the checkpoint commits only .research/** (TC-GIT-001)

stdout | tests/discovery/host-startup.test.ts
[research-control][startup-integrity] git boundary: pass — clean working tree (no dirty paths)

stdout | tests/rpc-plane/routing.test.ts > §12.1 routing — the two error edges > explicit projectId naming a MISSING registration → not routable (the disposition runs through the plane face, not the frozen 13)
[research-control] research hub discovered at /tmp/t32a-hub-IZhl3S — plane: 1 managed, 0 standalone, 1 missing (of 3 registered workspaces)
[research-control][startup-integrity] startup integrity GATE: outcome=ok (db=pass; tree=pass; consistency=pass) — the git boundary check settles and logs separately
[research-control][investigator] the production investigator face is wired (launcher port bound + analysis_record face + all-read transient reader — WP-7.4 / G7 S1)
[research-control][semantic-rebuild] incremental ≡ rebuild (0 rows)
[research-control][semantic-rebuild] derived_state replaced (0 rows, one independent transaction)
[research-control][wiring] host wiring ready (project PRJ-1; 3 workstreams; 4 tasks)
[research-control] registered 11 research tools (project PRJ-1)

stderr | tests/rpc-plane/routing.test.ts > §12.1 routing — the two error edges > explicit projectId naming a MISSING registration → not routable (the disposition runs through the plane face, not the frozen 13)
[research-control] MISSING registered project PRJ-3 (缺失的项目) — its .research tree was not discovered at /tmp/t32a-plain-cKE0b4 — awaiting user disposition (restore data / re-initialize / unbind / defer — the settings plane, T3.x)
[research-control] the host exposes no command registry (non-web profile) — the /research-investigate one-click entry and the analysis data-face commands (/research-transient-read, /research-analysis-list, /research-analysis-save) are unavailable (any attempt still fails loud at use time; no degraded launch, no forged data)

stdout | tests/rpc-plane/routing.test.ts
[research-control][startup-integrity] git boundary: pass — dirty working tree (1 dirty path(s), 1 under .research/) — reads unaffected; the checkpoint commits only .research/** (TC-GIT-001)

stdout | tests/rpc-plane/routing.test.ts
[research-control][startup-integrity] git boundary: pass — clean working tree (no dirty paths)

stdout | tests/rpc-plane/routing.test.ts
[research-control][startup-integrity] git boundary: pass — dirty working tree (1 dirty path(s), 1 under .research/) — reads unaffected; the checkpoint commits only .research/** (TC-GIT-001)

stdout | tests/rpc-plane/routing.test.ts
[research-control][startup-integrity] git boundary: pass — clean working tree (no dirty paths)

stdout | tests/rpc-plane/routing.test.ts
[research-control][startup-integrity] git boundary: pass — clean working tree (no dirty paths)

stdout | tests/rpc-plane/routing.test.ts
[research-control][startup-integrity] git boundary: pass — dirty working tree (1 dirty path(s), 1 under .research/) — reads unaffected; the checkpoint commits only .research/** (TC-GIT-001)

stdout | tests/rpc-plane/routing.test.ts
[research-control][startup-integrity] git boundary: pass — clean working tree (no dirty paths)

stdout | tests/rpc-plane/routing.test.ts
[research-control][startup-integrity] git boundary: pass — clean working tree (no dirty paths)

 ✓ tests/wiring/realize.test.ts (12 tests) 2134ms
     ✓ the first event of a PLANNED workstream flips the file + derived row + live snapshot, atomically; no re-flip; siblings untouched  477ms
     ✓ convergence rewrites keep the YAML block form and every comment (minimal edit: only lifecycle changes — G8 r2 defect 2 regression)  522ms
 ✓ tests/discovery/host-startup.test.ts (13 tests) 2280ms
     ✓ single MANAGED project (1 hub + 1 registered tree): one wiring, 11 tools, hub log line, no standalone/missing warns  498ms
     ✓ single STANDALONE project (0 hub + 1 tree): the V1 plane — one wiring, 11 tools, one standalone warn, RPCs serve  347ms
     ✓ mixed plane (1 hub + 1 registered + 1 unregistered tree): two wirings, NO tools (no projectId in the frozen face), multi-project warn, RPCs fail loud with the project list  300ms
 ✓ tests/rpc-plane/routing.test.ts (5 tests) 2293ms
     ✓ routes to the named project on a 2-project plane (the response carries THAT project data)  755ms
     ✓ omitted & several active projects → a clear error listing every project id (never guess)  310ms
     ✓ explicit projectId naming no active project → UNKNOWN_PROJECT (the candidates are listed)  303ms
warning: re-init: ignored --initial-branch=main
warning: re-init: ignored --initial-branch=main
warning: re-init: ignored --initial-branch=main
 ✓ tests/select/crash-consistency.test.ts (7 tests) 2110ms
     ✓ 死亡模拟（文件半边落盘 / DB 半边丢失）: audit ⇒ SELECT_CONSISTENCY + CRASH_INCOMPLETE 报告; 审计零状态变更  324ms
     ✓ 补偿失败终态（DB 失败 + 恢复失败）⇒ 同一崩溃签名被审计命中（两路径同态）  363ms
     ✓ OK: 无变化的 OPEN PF ⇒ 审计返回 OK 报告（不抛）; SELECTED 后扫面 = 0  355ms
 ✓ tests/wiring/wiring.test.ts (13 tests) 2153ms
     ✓ ASYNC FLOW: wiring.createPlanFork (the stale service, real git W3/W11) carries base_git_commit = HEAD  363ms
 ✓ tests/topology-service/topology-service.test.ts (32 tests) 2030ms
 ✓ tests/intervention/service.test.ts (26 tests) 2261ms
     ✓ 全格矩阵: 4 合法迁移逐格放行 + 5 非法格（含自环/终态出口）逐格拒绝  533ms
 ✓ tests/select/chained-stale.test.ts (4 tests) 2296ms
     ✓ 两 OPEN PF 共享闭包: SELECT 一个 ⇒ 另一个 STALE（reason 原文逐字）+ PF_STALE_MARKED 账本 + 内容列不变  549ms
     ✓ 三个 OPEN PF: 其余两个各置 STALE、各一行 PF_STALE_MARKED、stable 顺序（created_at ASC, id ASC）  475ms
     ✓ WS-2 的 OPEN PF（独立 closure）在 WS-1 物化后保持 OPEN: 零迁移、零账本、文件零变更  572ms
     ✓ 已 STALE 的 PF 不被第二次 select 连锁触碰: 状态与 stale_reason 冻结、零重复账本行  696ms
stdout | tests/rpc-plane/hub-overview.test.ts > getHubOverview — the §7.1 aggregation (REAL init, 2-project plane) > two projects (MANAGED + STANDALONE): cards + totals + the 需关注 row
[research-control] research hub discovered at /tmp/t32a-hub-RuVNR5 — plane: 1 managed, 1 standalone, 0 missing (of 3 registered workspaces)
[research-control][startup-integrity] startup integrity GATE: outcome=ok (db=pass; tree=pass; consistency=pass) — the git boundary check settles and logs separately
[research-control][investigator] the production investigator face is wired (launcher port bound + analysis_record face + all-read transient reader — WP-7.4 / G7 S1)
[research-control][semantic-rebuild] incremental ≡ rebuild (0 rows)
[research-control][semantic-rebuild] derived_state replaced (0 rows, one independent transaction)
[research-control][wiring] host wiring ready (project PRJ-1; 3 workstreams; 4 tasks)
[research-control][startup-integrity] startup integrity GATE: outcome=ok (db=pass; tree=pass; consistency=pass) — the git boundary check settles and logs separately
[research-control][investigator] the production investigator face is wired (launcher port bound + analysis_record face + all-read transient reader — WP-7.4 / G7 S1)
[research-control][semantic-rebuild] incremental ≡ rebuild (0 rows)
[research-control][semantic-rebuild] derived_state replaced (0 rows, one independent transaction)
[research-control][wiring] host wiring ready (project PRJ-2; 3 workstreams; 4 tasks)

stderr | tests/rpc-plane/hub-overview.test.ts > getHubOverview — the §7.1 aggregation (REAL init, 2-project plane) > two projects (MANAGED + STANDALONE): cards + totals + the 需关注 row
[research-control] the host exposes no settings service — the research settings card (namespace "dsh-research-control") is unavailable and the directory names stay at the defaults (".research" / ".research-control"); discovery is unaffected (warned once)
[research-control] standalone research tree at /tmp/t32a-ws-9qciES (project PRJ-2) — the tree is not registered in a hub (no registry entry at this path) — running standalone; silent by design (no popup, this log line is the record); register it through the settings plane to move it under the hub
[research-control] the plane has 2 projects (PRJ-1, PRJ-2) — the 11 agent tools and the investigate/analysis commands are NOT registered this round: their frozen face carries no projectId, so there is no unambiguous routing target (design §12.1); the 13 RPCs route through their optional projectId (omitted + several active projects → a clear error listing the projects)

stdout | tests/rpc-plane/hub-overview.test.ts > getHubOverview — the §7.1 aggregation (REAL init, 2-project plane) > two projects (MANAGED + STANDALONE): cards + totals + the 需关注 row
[research-control][startup-integrity] git boundary: pass — clean working tree (no dirty paths)

stdout | tests/rpc-plane/hub-overview.test.ts > getHubOverview — the §7.1 aggregation (REAL init, 2-project plane) > two projects (MANAGED + STANDALONE): cards + totals + the 需关注 row
[research-control][startup-integrity] git boundary: pass — clean working tree (no dirty paths)

stdout | tests/rpc-plane/hub-overview.test.ts > getHubOverview — the §7.1 aggregation (REAL init, 2-project plane) > two projects (MANAGED + STANDALONE): cards + totals + the 需关注 row
[research-control][plane][auditRefresh] {
  discrepancies: 0,
  captured: 0,
  escalated: null,
  skippedDedupe: 0,
  skippedBaseline: 0,
  captureFailures: 0
}

stdout | tests/rpc-plane/hub-overview.test.ts > getHubOverview — the §7.1 aggregation (REAL init, 2-project plane) > two projects (MANAGED + STANDALONE): cards + totals + the 需关注 row
[research-control][plane][auditRefresh] {
  discrepancies: 0,
  captured: 0,
  escalated: null,
  skippedDedupe: 0,
  skippedBaseline: 0,
  captureFailures: 0
}

stdout | tests/rpc-plane/hub-overview.test.ts > getHubOverview — the §7.1 aggregation (REAL init, 2-project plane) > the empty hub (registry declares no project): the empty aggregates, not an error
[research-control] research hub discovered at /tmp/t32a-hub-p841vT — plane: 0 managed, 0 standalone, 0 missing (of 1 registered workspaces)

stderr | tests/rpc-plane/hub-overview.test.ts > getHubOverview — the §7.1 aggregation (REAL init, 2-project plane) > the empty hub (registry declares no project): the empty aggregates, not an error
[research-control] the discovered hub's registry declares no project (no .research tree was discovered in any registered workspace) — the plane has no project: the tools are NOT registered (single-project planes only) and the 13 per-project RPCs fail loud until a project exists (register a project through the settings plane); the 9 plane RPCs still serve the empty plane state (the design §6 引导卡 data source — the 研究 tab renders its boot state from it)

stderr | tests/rpc-plane/hub-overview.test.ts > getHubOverview — the §7.1 aggregation (REAL init, 2-project plane) > the empty plane (no hub, no projects): likewise (the 引导卡 data source)
[research-control] no registered workspace carries a .research tree and no .research-control hub was discovered — the plane has no project: the tools are NOT registered (single-project planes only) and the 13 per-project RPCs fail loud until a project exists (bind a project or create a hub through the settings plane); the 9 plane RPCs still serve the empty plane state (the design §6 引导卡 data source — the 研究 tab renders its boot state from it)

stderr | tests/rpc-plane/hub-overview.test.ts > getHubOverview — the §7.1 aggregation (REAL init, 2-project plane) > a malformed args object is rejected at the strict schema boundary
[research-control] no registered workspace carries a .research tree and no .research-control hub was discovered — the plane has no project: the tools are NOT registered (single-project planes only) and the 13 per-project RPCs fail loud until a project exists (bind a project or create a hub through the settings plane); the 9 plane RPCs still serve the empty plane state (the design §6 引导卡 data source — the 研究 tab renders its boot state from it)

stdout | tests/rpc-plane/hub-overview.test.ts > getHubOverview — the 大计划 (106-item plan) performance shape > a 106-item plan serves the SAME counts-only card within the wall-clock cap
[research-control] research hub discovered at /tmp/t32a-hub-mQOpfX — plane: 1 managed, 0 standalone, 0 missing (of 2 registered workspaces)
[research-control][startup-integrity] startup integrity GATE: outcome=ok (db=pass; tree=pass; consistency=pass) — the git boundary check settles and logs separately
[research-control][investigator] the production investigator face is wired (launcher port bound + analysis_record face + all-read transient reader — WP-7.4 / G7 S1)
[research-control][semantic-rebuild] incremental ≡ rebuild (0 rows)
[research-control][semantic-rebuild] derived_state replaced (0 rows, one independent transaction)
[research-control][wiring] host wiring ready (project PRJ-1; 3 workstreams; 103 tasks)
[research-control] registered 11 research tools (project PRJ-1)

stderr | tests/rpc-plane/hub-overview.test.ts > getHubOverview — the 大计划 (106-item plan) performance shape > a 106-item plan serves the SAME counts-only card within the wall-clock cap
[research-control] the host exposes no command registry (non-web profile) — the /research-investigate one-click entry and the analysis data-face commands (/research-transient-read, /research-analysis-list, /research-analysis-save) are unavailable (any attempt still fails loud at use time; no degraded launch, no forged data)

stdout | tests/rpc-plane/hub-overview.test.ts > getHubOverview — the 大计划 (106-item plan) performance shape > a 106-item plan serves the SAME counts-only card within the wall-clock cap
[research-control][startup-integrity] git boundary: pass — clean working tree (no dirty paths)

stdout | tests/rpc-plane/hub-overview.test.ts > getHubOverview — the 大计划 (106-item plan) performance shape > a 106-item plan serves the SAME counts-only card within the wall-clock cap
[research-control][plane][auditRefresh] {
  discrepancies: 0,
  captured: 0,
  escalated: null,
  skippedDedupe: 0,
  skippedBaseline: 0,
  captureFailures: 0
}

stdout | tests/discovery/host-tools-reinit.test.ts
[research-control][startup-integrity] git boundary: pass — dirty working tree (2 dirty path(s), 2 under .research/) — reads unaffected; the checkpoint commits only .research/** (TC-GIT-001)

stdout | tests/discovery/host-tools-reinit.test.ts
[research-control][startup-integrity] git boundary: pass — dirty working tree (1 dirty path(s), 1 under .research/) — reads unaffected; the checkpoint commits only .research/** (TC-GIT-001)

stdout | tests/discovery/host-tools-reinit.test.ts
[research-control][startup-integrity] git boundary: pass — dirty working tree (1 dirty path(s), 1 under .research/) — reads unaffected; the checkpoint commits only .research/** (TC-GIT-001)

stdout | tests/discovery/host-tools-reinit.test.ts
[research-control][startup-integrity] git boundary: pass — dirty working tree (20 dirty path(s), 19 under .research/) — reads unaffected; the checkpoint commits only .research/** (TC-GIT-001)

 ✓ tests/select/compensation.test.ts (5 tests) 2753ms
     ✓ SELECT_DB_FAILED: 精确字节恢复 + 零 PF_SELECTED 账本 + 遗留定义文件保留未列入 + 重试成功（烧号 gap）  770ms
     ✓ SELECT_WRITE: 计划字节零变更 + 定义文件已写（未列入合法态）+ 零 DB 账本 + 重试成功  645ms
     ✓ DB 失败 + 恢复旧字节失败: 大声错误点名双因; plan.yaml 留存物化内容; PF 保持 OPEN（终态 = 崩溃签名态）  451ms
     ✓ 连锁 STALE 阶段: 并发写者已将另一 OPEN PF 置 STALE ⇒ 点名竞争 PF 与观察态, 计划恢复, 本 PF 保持 OPEN  543ms
     ✓ 并发写者将竞争 PF 置 DISMISSED ⇒ 同样回滚 + 补偿（观察态点名 DISMISSED）  341ms
 ✓ tests/hierarchy/service.test.ts (56 tests) 1885ms
 ✓ tests/rpc-plane/hub-overview.test.ts (5 tests) 2265ms
     ✓ two projects (MANAGED + STANDALONE): cards + totals + the 需关注 row  1178ms
     ✓ a 106-item plan serves the SAME counts-only card within the wall-clock cap  567ms
 ✓ tests/stale/capture.test.ts (10 tests) 2414ms
     ✓ committed repo: 8 closure files, stable order, OIDs == independent hash-object == rev-parse HEAD:path  425ms
     ✓ record carries the server-side git base (8 files, exact OIDs, HEAD) + PF_CREATED ledger with the same set  365ms
 ✓ tests/discovery/host-tools-reinit.test.ts (3 tests) 2091ms
     ✓ rescan 重初始化后: 同一批已注册工具仍成功（绝不再触 closed wiring）  1022ms
     ✓ trusted identity: actor/run 由 calling session 决定，args 无法伪造  364ms
stdout | tests/rpc-plane/portfolio.test.ts > getPortfolioInterventions — the §7.2 cross-project list (REAL init, 2-project plane) > default view: OPEN + PENDING, 状态段 order + 组内时间倒序 (newest first, across projects)
[research-control] research hub discovered at /tmp/t32a-hub-Ss7JOq — plane: 1 managed, 1 standalone, 0 missing (of 3 registered workspaces)
[research-control][startup-integrity] startup integrity GATE: outcome=ok (db=pass; tree=pass; consistency=pass) — the git boundary check settles and logs separately
[research-control][investigator] the production investigator face is wired (launcher port bound + analysis_record face + all-read transient reader — WP-7.4 / G7 S1)
[research-control][semantic-rebuild] incremental ≡ rebuild (0 rows)
[research-control][semantic-rebuild] derived_state replaced (0 rows, one independent transaction)
[research-control][wiring] host wiring ready (project PRJ-1; 3 workstreams; 4 tasks)
[research-control][startup-integrity] startup integrity GATE: outcome=ok (db=pass; tree=pass; consistency=pass) — the git boundary check settles and logs separately
[research-control][investigator] the production investigator face is wired (launcher port bound + analysis_record face + all-read transient reader — WP-7.4 / G7 S1)
[research-control][semantic-rebuild] incremental ≡ rebuild (0 rows)
[research-control][semantic-rebuild] derived_state replaced (0 rows, one independent transaction)
[research-control][wiring] host wiring ready (project PRJ-2; 3 workstreams; 4 tasks)

stderr | tests/rpc-plane/portfolio.test.ts > getPortfolioInterventions — the §7.2 cross-project list (REAL init, 2-project plane) > default view: OPEN + PENDING, 状态段 order + 组内时间倒序 (newest first, across projects)
[research-control] the host exposes no settings service — the research settings card (namespace "dsh-research-control") is unavailable and the directory names stay at the defaults (".research" / ".research-control"); discovery is unaffected (warned once)
[research-control] standalone research tree at /tmp/t32a-ws-fbXrko (project PRJ-2) — the tree is not registered in a hub (no registry entry at this path) — running standalone; silent by design (no popup, this log line is the record); register it through the settings plane to move it under the hub
[research-control] the plane has 2 projects (PRJ-1, PRJ-2) — the 11 agent tools and the investigate/analysis commands are NOT registered this round: their frozen face carries no projectId, so there is no unambiguous routing target (design §12.1); the 13 RPCs route through their optional projectId (omitted + several active projects → a clear error listing the projects)

stdout | tests/rpc-plane/portfolio.test.ts > getPortfolioInterventions — the §7.2 cross-project list (REAL init, 2-project plane) > explicit status filters to that status only (OPEN / PENDING / CLOSED)
[research-control] research hub discovered at /tmp/t32a-hub-ciR4TC — plane: 1 managed, 1 standalone, 0 missing (of 3 registered workspaces)
[research-control][startup-integrity] startup integrity GATE: outcome=ok (db=pass; tree=pass; consistency=pass) — the git boundary check settles and logs separately
[research-control][investigator] the production investigator face is wired (launcher port bound + analysis_record face + all-read transient reader — WP-7.4 / G7 S1)
[research-control][semantic-rebuild] incremental ≡ rebuild (0 rows)
[research-control][semantic-rebuild] derived_state replaced (0 rows, one independent transaction)
[research-control][wiring] host wiring ready (project PRJ-1; 3 workstreams; 4 tasks)
[research-control][startup-integrity] startup integrity GATE: outcome=ok (db=pass; tree=pass; consistency=pass) — the git boundary check settles and logs separately
[research-control][investigator] the production investigator face is wired (launcher port bound + analysis_record face + all-read transient reader — WP-7.4 / G7 S1)
[research-control][semantic-rebuild] incremental ≡ rebuild (0 rows)
[research-control][semantic-rebuild] derived_state replaced (0 rows, one independent transaction)
[research-control][wiring] host wiring ready (project PRJ-2; 3 workstreams; 4 tasks)

stderr | tests/rpc-plane/portfolio.test.ts > getPortfolioInterventions — the §7.2 cross-project list (REAL init, 2-project plane) > explicit status filters to that status only (OPEN / PENDING / CLOSED)
[research-control] standalone research tree at /tmp/t32a-ws-TpNfts (project PRJ-2) — the tree is not registered in a hub (no registry entry at this path) — running standalone; silent by design (no popup, this log line is the record); register it through the settings plane to move it under the hub
[research-control] the plane has 2 projects (PRJ-1, PRJ-2) — the 11 agent tools and the investigate/analysis commands are NOT registered this round: their frozen face carries no projectId, so there is no unambiguous routing target (design §12.1); the 13 RPCs route through their optional projectId (omitted + several active projects → a clear error listing the projects)

stderr | tests/rpc-plane/portfolio.test.ts > getPortfolioInterventions — the §7.2 cross-project list (REAL init, 2-project plane) > the empty plane serves an empty list (not an error)
[research-control] no registered workspace carries a .research tree and no .research-control hub was discovered — the plane has no project: the tools are NOT registered (single-project planes only) and the 13 per-project RPCs fail loud until a project exists (bind a project or create a hub through the settings plane); the 9 plane RPCs still serve the empty plane state (the design §6 引导卡 data source — the 研究 tab renders its boot state from it)

stderr | tests/rpc-plane/portfolio.test.ts > getPortfolioInterventions — the §7.2 cross-project list (REAL init, 2-project plane) > a malformed status value is rejected at the strict schema boundary (off-vocabulary)
[research-control] no registered workspace carries a .research tree and no .research-control hub was discovered — the plane has no project: the tools are NOT registered (single-project planes only) and the 13 per-project RPCs fail loud until a project exists (bind a project or create a hub through the settings plane); the 9 plane RPCs still serve the empty plane state (the design §6 引导卡 data source — the 研究 tab renders its boot state from it)

stdout | tests/rpc-plane/portfolio.test.ts
[research-control][startup-integrity] git boundary: pass — clean working tree (no dirty paths)

stdout | tests/rpc-plane/portfolio.test.ts
[research-control][startup-integrity] git boundary: pass — dirty working tree (1 dirty path(s), 1 under .research/) — reads unaffected; the checkpoint commits only .research/** (TC-GIT-001)

stdout | tests/rpc-plane/portfolio.test.ts
[research-control][startup-integrity] git boundary: pass — dirty working tree (1 dirty path(s), 1 under .research/) — reads unaffected; the checkpoint commits only .research/** (TC-GIT-001)

stdout | tests/rpc-plane/portfolio.test.ts
[research-control][startup-integrity] git boundary: pass — clean working tree (no dirty paths)

 ✓ tests/select/dismiss.test.ts (7 tests) 1249ms
     ✓ DISMISSED 的 PF 可被后续 SELECT 之外的操作审计: 不再出现在 OPEN 扫面（连锁/复查面零触碰）  317ms
 ✓ tests/git/tc-git-016.test.ts (1 test) 1481ms
     ✓ 超时 kill + 错误上报 + 无重试写操作 + -C root 强制 + 输出上限截断  1480ms
 ✓ tests/wiring/wiring-investigator.test.ts (7 tests) 1417ms
 ✓ tests/investigator-readers/conversion-executor.test.ts (8 tests) 1385ms
     ✓ INTERVENTION ⇒ 真实 IV（USER origin + INBOX_ITEM provenance）+ CONVERTED + MA 账本  304ms
 ✓ tests/rpc-plane/portfolio.test.ts (4 tests) 1329ms
     ✓ default view: OPEN + PENDING, 状态段 order + 组内时间倒序 (newest first, across projects)  513ms
     ✓ explicit status filters to that status only (OPEN / PENDING / CLOSED)  306ms
stdout | tests/investigator-readers/dashboard-inbox.test.ts > RR-018② getDashboard — Inbox 聚合 + 审计刷新触发（真实 wiring） > 干净仓: 刷新跑过（零 discrepancy）, inboxCount = 0（number — 占位已填充）
[research-control][rpc][auditRefresh] {
  discrepancies: 0,
  captured: 0,
  escalated: null,
  skippedDedupe: 0,
  skippedBaseline: 0,
  captureFailures: 0
}

stdout | tests/investigator-readers/dashboard-inbox.test.ts > RR-018② getDashboard — Inbox 聚合 + 审计刷新触发（真实 wiring） > zone 新文件 ⇒ 刷新捕获 ⇒ dashboard 返回真实计数 1（同一次刷新内聚合）
[research-control][rpc][auditRefresh] {
  discrepancies: 0,
  captured: 0,
  escalated: null,
  skippedDedupe: 0,
  skippedBaseline: 0,
  captureFailures: 0
}

stdout | tests/investigator-readers/dashboard-inbox.test.ts > RR-018② getDashboard — Inbox 聚合 + 审计刷新触发（真实 wiring） > zone 新文件 ⇒ 刷新捕获 ⇒ dashboard 返回真实计数 1（同一次刷新内聚合）
[research-control][rpc][auditRefresh] {
  discrepancies: 1,
  captured: 1,
  escalated: null,
  skippedDedupe: 0,
  skippedBaseline: 0,
  captureFailures: 0
}

stdout | tests/rpc-plane/plane-state.test.ts > getResearchPlaneState — the §5 role segment (REAL init + fake sessions) > full plane: the 五分支 role matrix + the §4 step-6 summary
[research-control] research hub discovered at /tmp/t32a-hub-AAyXF9 — plane: 1 managed, 1 standalone, 1 missing (of 4 registered workspaces)
[research-control][startup-integrity] startup integrity GATE: outcome=ok (db=pass; tree=pass; consistency=pass) — the git boundary check settles and logs separately
[research-control][investigator] the production investigator face is wired (launcher port bound + analysis_record face + all-read transient reader — WP-7.4 / G7 S1)
[research-control][semantic-rebuild] incremental ≡ rebuild (0 rows)
[research-control][semantic-rebuild] derived_state replaced (0 rows, one independent transaction)
[research-control][wiring] host wiring ready (project PRJ-1; 3 workstreams; 4 tasks)
[research-control][startup-integrity] startup integrity GATE: outcome=ok (db=pass; tree=pass; consistency=pass) — the git boundary check settles and logs separately
[research-control][investigator] the production investigator face is wired (launcher port bound + analysis_record face + all-read transient reader — WP-7.4 / G7 S1)
[research-control][semantic-rebuild] incremental ≡ rebuild (0 rows)
[research-control][semantic-rebuild] derived_state replaced (0 rows, one independent transaction)
[research-control][wiring] host wiring ready (project PRJ-2; 3 workstreams; 4 tasks)

stderr | tests/rpc-plane/plane-state.test.ts > getResearchPlaneState — the §5 role segment (REAL init + fake sessions) > full plane: the 五分支 role matrix + the §4 step-6 summary
[research-control] the host exposes no settings service — the research settings card (namespace "dsh-research-control") is unavailable and the directory names stay at the defaults (".research" / ".research-control"); discovery is unaffected (warned once)
[research-control] standalone research tree at /tmp/t32a-ws-DWynLo (project PRJ-2) — the tree is not registered in a hub (no registry entry at this path) — running standalone; silent by design (no popup, this log line is the record); register it through the settings plane to move it under the hub
[research-control] MISSING registered project PRJ-3 (Lost project) — its .research tree was not discovered at /tmp/t32a-plain-NueAgG — awaiting user disposition (restore data / re-initialize / unbind / defer — the settings plane, T3.x)
[research-control] the plane has 2 projects (PRJ-1, PRJ-2) — the 11 agent tools and the investigate/analysis commands are NOT registered this round: their frozen face carries no projectId, so there is no unambiguous routing target (design §12.1); the 13 RPCs route through their optional projectId (omitted + several active projects → a clear error listing the projects)

stdout | tests/rpc-plane/plane-state.test.ts > getResearchPlaneState — the §5 role segment (REAL init + fake sessions) > full plane: the 五分支 role matrix + the §4 step-6 summary
[research-control][startup-integrity] git boundary: pass — dirty working tree (1 dirty path(s), 1 under .research/) — reads unaffected; the checkpoint commits only .research/** (TC-GIT-001)

stdout | tests/rpc-plane/plane-state.test.ts > getResearchPlaneState — the §5 role segment (REAL init + fake sessions) > full plane: the 五分支 role matrix + the §4 step-6 summary
[research-control][startup-integrity] git boundary: pass — clean working tree (no dirty paths)

stdout | tests/investigator-readers/dashboard-inbox.test.ts > RR-018② getDashboard — Inbox 聚合 + 审计刷新触发（真实 wiring） > zone 新文件 ⇒ 刷新捕获 ⇒ dashboard 返回真实计数 1（同一次刷新内聚合）
[research-control][rpc][auditRefresh] {
  discrepancies: 1,
  captured: 0,
  escalated: null,
  skippedDedupe: 0,
  skippedBaseline: 1,
  captureFailures: 0
}

stdout | tests/discovery/host-tools-semantic-write.test.ts
[research-control][startup-integrity] git boundary: pass — dirty working tree (1 dirty path(s), 1 under .research/) — reads unaffected; the checkpoint commits only .research/** (TC-GIT-001)

stdout | tests/discovery/host-tools-semantic-write.test.ts
[research-control][startup-integrity] git boundary: pass — dirty working tree (1 dirty path(s), 1 under .research/) — reads unaffected; the checkpoint commits only .research/** (TC-GIT-001)

stdout | tests/discovery/host-tools-semantic-write.test.ts
[research-control][startup-integrity] git boundary: pass — dirty working tree (1 dirty path(s), 1 under .research/) — reads unaffected; the checkpoint commits only .research/** (TC-GIT-001)

stdout | tests/discovery/host-commands-reinit.test.ts
[research-control][startup-integrity] git boundary: pass — dirty working tree (20 dirty path(s), 19 under .research/) — reads unaffected; the checkpoint commits only .research/** (TC-GIT-001)

stdout | tests/discovery/host-commands-reinit.test.ts
[research-control][startup-integrity] git boundary: pass — clean working tree (no dirty paths)

stdout | tests/discovery/host-commands-reinit.test.ts
[research-control][startup-integrity] git boundary: pass — clean working tree (no dirty paths)

stdout | tests/discovery/host-commands-reinit.test.ts
[research-control][startup-integrity] git boundary: pass — clean working tree (no dirty paths)

stdout | tests/rpc-plane/plane-state.test.ts > getResearchPlaneState — the §5 role segment (REAL init + fake sessions) > the hub that is ALSO a project: role=HUB + hubTreeProjectId attached (design §5 note)
[research-control] research hub discovered at /tmp/t32a-plain-XKGYiF — plane: 1 managed, 0 standalone, 0 missing (of 1 registered workspaces)
[research-control][startup-integrity] startup integrity GATE: outcome=ok (db=pass; tree=pass; consistency=pass) — the git boundary check settles and logs separately
[research-control][investigator] the production investigator face is wired (launcher port bound + analysis_record face + all-read transient reader — WP-7.4 / G7 S1)
[research-control][semantic-rebuild] incremental ≡ rebuild (0 rows)
[research-control][semantic-rebuild] derived_state replaced (0 rows, one independent transaction)
[research-control][wiring] host wiring ready (project PRJ-9; 3 workstreams; 4 tasks)
[research-control] registered 11 research tools (project PRJ-9)

stderr | tests/rpc-plane/plane-state.test.ts > getResearchPlaneState — the §5 role segment (REAL init + fake sessions) > the hub that is ALSO a project: role=HUB + hubTreeProjectId attached (design §5 note)
[research-control] the host exposes no command registry (non-web profile) — the /research-investigate one-click entry and the analysis data-face commands (/research-transient-read, /research-analysis-list, /research-analysis-save) are unavailable (any attempt still fails loud at use time; no degraded launch, no forged data)

stdout | tests/rpc-plane/plane-state.test.ts > getResearchPlaneState — the §5 role segment (REAL init + fake sessions) > the hub that is ALSO a project: role=HUB + hubTreeProjectId attached (design §5 note)
[research-control][startup-integrity] git boundary: pass — dirty working tree (1 dirty path(s), 0 under .research/) — reads unaffected; the checkpoint commits only .research/** (TC-GIT-001)

stderr | tests/rpc-plane/plane-state.test.ts > getResearchPlaneState — the §5 role segment (REAL init + fake sessions) > unknown sessionId → PlaneError PLANE_SESSION_UNKNOWN (the T3.2 branch decision — never a silent null)
[research-control] no registered workspace carries a .research tree and no .research-control hub was discovered — the plane has no project: the tools are NOT registered (single-project planes only) and the 13 per-project RPCs fail loud until a project exists (bind a project or create a hub through the settings plane); the 9 plane RPCs still serve the empty plane state (the design §6 引导卡 data source — the 研究 tab renders its boot state from it)

stderr | tests/rpc-plane/plane-state.test.ts > getResearchPlaneState — the §5 role segment (REAL init + fake sessions) > a malformed args object is rejected at the strict schema boundary (before anything runs)
[research-control] no registered workspace carries a .research tree and no .research-control hub was discovered — the plane has no project: the tools are NOT registered (single-project planes only) and the 13 per-project RPCs fail loud until a project exists (bind a project or create a hub through the settings plane); the 9 plane RPCs still serve the empty plane state (the design §6 引导卡 data source — the 研究 tab renders its boot state from it)

stderr | tests/rpc-plane/plane-state.test.ts > getResearchPlaneState — the §5 role segment (REAL init + fake sessions) > the empty plane serves the empty state (the 引导卡 data — design §6) without a caller
[research-control] no registered workspace carries a .research tree and no .research-control hub was discovered — the plane has no project: the tools are NOT registered (single-project planes only) and the 13 per-project RPCs fail loud until a project exists (bind a project or create a hub through the settings plane); the 9 plane RPCs still serve the empty plane state (the design §6 引导卡 data source — the 研究 tab renders its boot state from it)

stdout | tests/investigator-readers/dashboard-inbox.test.ts > RR-018② getDashboard — Inbox 聚合 + 审计刷新触发（真实 wiring） > 用户转换后（CONVERTED 终态）⇒ 计数回落（CAPTURED 口径 = 待处理）
[research-control][rpc][auditRefresh] {
  discrepancies: 0,
  captured: 0,
  escalated: null,
  skippedDedupe: 0,
  skippedBaseline: 0,
  captureFailures: 0
}

stdout | tests/investigator-readers/dashboard-inbox.test.ts > RR-018② getDashboard — Inbox 聚合 + 审计刷新触发（真实 wiring） > 用户转换后（CONVERTED 终态）⇒ 计数回落（CAPTURED 口径 = 待处理）
[research-control][rpc][auditRefresh] {
  discrepancies: 1,
  captured: 1,
  escalated: null,
  skippedDedupe: 0,
  skippedBaseline: 0,
  captureFailures: 0
}

stdout | tests/investigator-readers/dashboard-inbox.test.ts > RR-018② getDashboard — Inbox 聚合 + 审计刷新触发（真实 wiring） > 用户转换后（CONVERTED 终态）⇒ 计数回落（CAPTURED 口径 = 待处理）
[research-control][rpc][auditRefresh] {
  discrepancies: 1,
  captured: 0,
  escalated: null,
  skippedDedupe: 0,
  skippedBaseline: 1,
  captureFailures: 0
}

stderr | tests/investigator-readers/dashboard-inbox.test.ts > RR-018② getDashboard — Inbox 聚合 + 审计刷新触发（真实 wiring） > 刷新失败（wiring 面抛错）⇒ loud 不阻塞: dashboard 照常解析
[research-control][rpc][auditRefreshFailed] { message: 'strict audit exploded (simulated)' }

 ✓ tests/investigator-readers/dashboard-inbox.test.ts (4 tests) 1322ms
     ✓ 干净仓: 刷新跑过（零 discrepancy）, inboxCount = 0（number — 占位已填充）  427ms
     ✓ zone 新文件 ⇒ 刷新捕获 ⇒ dashboard 返回真实计数 1（同一次刷新内聚合）  403ms
     ✓ 用户转换后（CONVERTED 终态）⇒ 计数回落（CAPTURED 口径 = 待处理）  335ms
 ✓ tests/hardening/startup.test.ts (17 tests) 1209ms
 ✓ tests/discovery/host-tools-semantic-write.test.ts (3 tests) 1316ms
     ✓ fact/claim/artifact succeed on the bound run; events + rows carry AGENT actor/run provenance  457ms
 ✓ tests/discovery/host-commands-reinit.test.ts (3 tests) 1381ms
     ✓ rescan 重初始化后: 同一批命令 handler 仍成功（绝不再走已关闭连接）  527ms
 ✓ tests/rpc-plane/plane-state.test.ts (25 tests) 1269ms
     ✓ full plane: the 五分支 role matrix + the §4 step-6 summary  581ms
 ✓ tests/audit-strict/audit.test.ts (23 tests) 1114ms
 ✓ tests/select/select-e2e.test.ts (5 tests) 1204ms
     ✓ G-1,T-5,T-3,M-2,T-6,T-4,G-2 — 全步断言（文件 + DB + 账本 + 零 History）  469ms
 ✓ tests/actions/service.test.ts (15 tests) 1202ms
 ✓ tests/atomic/plan-crash.test.ts (16 tests) 1243ms
 ✓ tests/loader/tc-dom-027.test.ts (56 tests) 1394ms
stdout | tests/discovery/host-init-unwind.test.ts
[research-control][startup-integrity] git boundary: pass — clean working tree (no dirty paths)

stdout | tests/discovery/host-init-unwind.test.ts
[research-control][startup-integrity] git boundary: pass — clean working tree (no dirty paths)

 ✓ tests/actions/objectives.test.ts (12 tests) 1033ms
 ✓ tests/plan-writer/service.test.ts (30 tests) 1067ms
 ✓ tests/sessionlink/service.test.ts (17 tests) 1010ms
 ✓ tests/reporting/rpc-wiring.test.ts (4 tests) 1098ms
     ✓ registers through the production path: wire-valid result + row persisted (第二连接)  400ms
 ✓ tests/discovery/host-init-unwind.test.ts (1 test) 1015ms
     ✓ a LATER project wiring failure closes every EARLIER composed wiring + RPC port, then propagates  511ms
 ✓ tests/runbinding/bind-flow.test.ts (18 tests) 882ms
 ✓ tests/intervention/store.test.ts (14 tests) 909ms
 ✓ tests/tools/plan-fork-create.test.ts (30 tests) 945ms
 ✓ tests/topology/crud.test.ts (36 tests) 952ms
 ✓ tests/perm5-lint.test.ts (14 tests) 1020ms
     ✓ exits zero on the real src/ tree  794ms
stderr | tests/views-intervention-stream/intervention-stream.test.tsx > InterventionStreamPage — 单一 fetch 生命周期 > HUB mount: loading face → ready; exactly one {limit:200} fetch
Warning: Each child in a list should have a unique "key" prop.

Check the render method of `InterventionStreamPage`. See https://reactjs.org/link/warning-keys for more information.
    at button
    at InterventionStreamPage (<repo>/.worktrees/g3/src/client/views/shell/intervention-stream.tsx:187:10)

 ✓ tests/planfork/persist.test.ts (11 tests) 926ms
 ✓ tests/wiring/semantics.test.ts (3 tests) 949ms
     ✓ the incremental fold row is deep-equal to the full replay fold on a legal multi-WS stream  334ms
     ✓ a tampered derived_state row is detected by the startup rebuild and replaced by the replay fold  371ms
 ✓ tests/planfork/state-machine.test.ts (13 tests) 920ms
 ✓ tests/hardening/tree-check.test.ts (13 tests) 1087ms
stderr | tests/views-intervention-stream/intervention-stream.test.tsx > InterventionStreamPage — IV 卡 (t52 面 + §13 机器) > 一键调查 fires {id,title}+question; success → the investigated line
Warning: The current testing environment is not configured to support act(...)

stderr | tests/views-intervention-stream/intervention-stream.test.tsx > InterventionStreamPage — IV 卡 (t52 面 + §13 机器) > 标记处理中: OPEN→PENDING args (no resolutionNote) + a success re-fetch
Warning: The current testing environment is not configured to support act(...)
Warning: The current testing environment is not configured to support act(...)

stderr | tests/views-intervention-stream/intervention-stream.test.tsx > InterventionStreamPage — IV 卡 (t52 面 + §13 机器) > 标记处理中: OPEN→PENDING args (no resolutionNote) + a success re-fetch
Warning: The current testing environment is not configured to support act(...)
Warning: The current testing environment is not configured to support act(...)

stderr | tests/views-intervention-stream/intervention-stream.test.tsx > InterventionStreamPage — IV 卡 (t52 面 + §13 机器) > 关闭 fires with the trimmed resolutionNote + a success re-fetch
Warning: The current testing environment is not configured to support act(...)
Warning: The current testing environment is not configured to support act(...)

stderr | tests/views-intervention-stream/intervention-stream.test.tsx > InterventionStreamPage — IV 卡 (t52 面 + §13 机器) > 关闭 fires with the trimmed resolutionNote + a success re-fetch
Warning: The current testing environment is not configured to support act(...)
Warning: The current testing environment is not configured to support act(...)

stderr | tests/views-intervention-stream/intervention-stream.test.tsx > InterventionStreamPage — IV 卡 (t52 面 + §13 机器) > PENDING card: 确认关闭 carries the note; 重开 fires OPEN without one
Warning: The current testing environment is not configured to support act(...)
Warning: The current testing environment is not configured to support act(...)

stderr | tests/views-intervention-stream/intervention-stream.test.tsx > InterventionStreamPage — IV 卡 (t52 面 + §13 机器) > PENDING card: 确认关闭 carries the note; 重开 fires OPEN without one
Warning: The current testing environment is not configured to support act(...)
Warning: The current testing environment is not configured to support act(...)

stderr | tests/views-intervention-stream/intervention-stream.test.tsx > InterventionStreamPage — 非 IV 卡 (B §29/§30/§31) > EXPLICIT_BLOCKER card: common fields + [Clear] via the face + a success re-fetch
Warning: The current testing environment is not configured to support act(...)
Warning: The current testing environment is not configured to support act(...)

stderr | tests/views-intervention-stream/intervention-stream.test.tsx > InterventionStreamPage — 非 IV 卡 (B §29/§30/§31) > EXPLICIT_BLOCKER card: common fields + [Clear] via the face + a success re-fetch
Warning: The current testing environment is not configured to support act(...)
Warning: The current testing environment is not configured to support act(...)

stderr | tests/views-intervention-stream/intervention-stream.test.tsx > InterventionStreamPage — 非 IV 卡 (B §29/§30/§31) > NEXT_ACTION card: Promote/Dismiss args; workstreamId omitted when null
Warning: The current testing environment is not configured to support act(...)
Warning: The current testing environment is not configured to support act(...)

stderr | tests/views-intervention-stream/intervention-stream.test.tsx > InterventionStreamPage — 非 IV 卡 (B §29/§30/§31) > NEXT_ACTION card: Promote/Dismiss args; workstreamId omitted when null
Warning: The current testing environment is not configured to support act(...)
Warning: The current testing environment is not configured to support act(...)

stderr | tests/views-intervention-stream/intervention-stream.test.tsx > InterventionStreamPage — 非 IV 卡 (B §29/§30/§31) > NEXT_ACTION card: Promote/Dismiss args; workstreamId omitted when null
Warning: The current testing environment is not configured to support act(...)
Warning: The current testing environment is not configured to support act(...)

stderr | tests/views-intervention-stream/intervention-stream.test.tsx > InterventionStreamPage — 非 IV 卡 (B §29/§30/§31) > NEXT_ACTION card: Promote/Dismiss args; workstreamId omitted when null
Warning: The current testing environment is not configured to support act(...)
Warning: The current testing environment is not configured to support act(...)

stderr | tests/views-intervention-stream/intervention-stream.test.tsx > InterventionStreamPage — 非 IV 卡 (B §29/§30/§31) > NEXT_ACTION card: Promote/Dismiss args; workstreamId omitted when null
Warning: The current testing environment is not configured to support act(...)
Warning: The current testing environment is not configured to support act(...)

stderr | tests/views-intervention-stream/intervention-stream.test.tsx > InterventionStreamPage — 非 IV 卡 (B §29/§30/§31) > NEXT_ACTION card: Promote/Dismiss args; workstreamId omitted when null
Warning: The current testing environment is not configured to support act(...)
Warning: The current testing environment is not configured to support act(...)

 ✓ tests/runbinding/run-crud.test.ts (12 tests) 1045ms
stderr | tests/views-intervention-stream/intervention-stream.test.tsx > InterventionStreamPage — 非 IV 卡 (B §29/§30/§31) > missing-NA: CTA → inline form; blank submit disabled; create args; success closes the form + re-fetches
Warning: The current testing environment is not configured to support act(...)
Warning: The current testing environment is not configured to support act(...)

stderr | tests/views-intervention-stream/intervention-stream.test.tsx > InterventionStreamPage — 非 IV 卡 (B §29/§30/§31) > missing-NA: CTA → inline form; blank submit disabled; create args; success closes the form + re-fetches
Warning: The current testing environment is not configured to support act(...)
Warning: The current testing environment is not configured to support act(...)

 ✓ tests/views-intervention-stream/intervention-stream.test.tsx (43 tests) 1580ms
 ✓ tests/runbinding/event-loop.test.ts (14 tests) 1005ms
stderr | tests/views-workstream/ui5-plan-editor.test.tsx > UI-5 plan editor — create (per-kind carriers) > TASK head +: the title+goal carrier at index 0 (blank optionals OMITTED)
Warning: Invalid DOM property `stroke-dasharray`. Did you mean `strokeDasharray`?
    at path
    at svg
    at div
    at div
    at ReactFlow (<repo>/.worktrees/g3/tests/graph/xyflow-mock.ts:52:24)
    at div
    at div
    at PlanGraphView (<repo>/.worktrees/g3/src/client/graph/PlanGraphView.tsx:342:26)
    at div
    at PlanGraphContainer (<repo>/.worktrees/g3/src/client/graph/PlanGraphContainer.tsx:59:31)
    at div
    at div
    at div
    at WorkstreamView (<repo>/.worktrees/g3/src/client/views/workstream/WorkstreamView.tsx:131:27)

 ✓ tests/plan/plan-ops.test.ts (20 tests) 673ms
stderr | tests/views-shell/onboarding.test.tsx > OnboardingCard — 设为中枢 flow (design §8) > confirm dialog → setHub({wsPath}) → success RE-FETCHES → role flips to HUB (hub console renders)
Warning: The current testing environment is not configured to support act(...)
Warning: The current testing environment is not configured to support act(...)
Warning: The current testing environment is not configured to support act(...)
Warning: The current testing environment is not configured to support act(...)

stderr | tests/views-shell/onboarding.test.tsx > OnboardingCard — 设为中枢 flow (design §8) > confirm dialog → setHub({wsPath}) → success RE-FETCHES → role flips to HUB (hub console renders)
Warning: The current testing environment is not configured to support act(...)
Warning: The current testing environment is not configured to support act(...)

stderr | tests/views-shell/onboarding.test.tsx > OnboardingCard — 设为中枢 flow (design §8) > confirm dialog → setHub({wsPath}) → success RE-FETCHES → role flips to HUB (hub console renders)
Warning: The current testing environment is not configured to support act(...)
Warning: The current testing environment is not configured to support act(...)
Warning: The current testing environment is not configured to support act(...)

stderr | tests/views-shell/onboarding.test.tsx > OnboardingCard — 设为中枢 flow (design §8) > RPC error: the error shows on the card, the card stays, no re-fetch
Warning: The current testing environment is not configured to support act(...)
Warning: The current testing environment is not configured to support act(...)
Warning: The current testing environment is not configured to support act(...)

stderr | tests/views-shell/onboarding.test.tsx > OnboardingCard — 接入 flow (design §8) > hub present: displayName dialog (prefilled with the folder name) → bindProject → re-fetch → MANAGED console
Warning: The current testing environment is not configured to support act(...)
Warning: The current testing environment is not configured to support act(...)
Warning: The current testing environment is not configured to support act(...)
Warning: The current testing environment is not configured to support act(...)

stderr | tests/views-shell/onboarding.test.tsx > OnboardingCard — 接入 flow (design §8) > hub present: displayName dialog (prefilled with the folder name) → bindProject → re-fetch → MANAGED console
Warning: The current testing environment is not configured to support act(...)
Warning: The current testing environment is not configured to support act(...)

stderr | tests/views-shell/onboarding.test.tsx > OnboardingCard — 接入 flow (design §8) > hub present: displayName dialog (prefilled with the folder name) → bindProject → re-fetch → MANAGED console
Warning: The current testing environment is not configured to support act(...)
    at ProjectPage (<repo>/.worktrees/g3/src/client/views/project/ProjectPage.tsx:79:24)
    at div
    at div
    at div
    at ProjectConsole (<repo>/.worktrees/g3/src/client/views/shell/project-console.tsx:365:27)
    at section
    at div
    at ConsoleFrame (<repo>/.worktrees/g3/src/client/views/shell/shell.tsx:725:25)
    at ProjectReadonlyProvider (<repo>/.worktrees/g3/src/client/components/readonly-context.tsx:111:36)
    at ResearchShell (<repo>/.worktrees/g3/src/client/views/shell/shell.tsx:173:62)
Warning: The current testing environment is not configured to support act(...)
    at ProjectPage (<repo>/.worktrees/g3/src/client/views/project/ProjectPage.tsx:79:24)
    at div
    at div
    at div
    at ProjectConsole (<repo>/.worktrees/g3/src/client/views/shell/project-console.tsx:365:27)
    at section
    at div
    at ConsoleFrame (<repo>/.worktrees/g3/src/client/views/shell/shell.tsx:725:25)
    at ProjectReadonlyProvider (<repo>/.worktrees/g3/src/client/components/readonly-context.tsx:111:36)
    at ResearchShell (<repo>/.worktrees/g3/src/client/views/shell/shell.tsx:173:62)
Warning: The current testing environment is not configured to support act(...)
    at ProjectConsole (<repo>/.worktrees/g3/src/client/views/shell/project-console.tsx:365:27)
    at section
    at div
    at ConsoleFrame (<repo>/.worktrees/g3/src/client/views/shell/shell.tsx:725:25)
    at ProjectReadonlyProvider (<repo>/.worktrees/g3/src/client/components/readonly-context.tsx:111:36)
    at ResearchShell (<repo>/.worktrees/g3/src/client/views/shell/shell.tsx:173:62)
Warning: The current testing environment is not configured to support act(...)
Warning: The current testing environment is not configured to support act(...)
Warning: The current testing environment is not configured to support act(...)

stderr | tests/views-shell/onboarding.test.tsx > OnboardingCard — 接入 flow (design §8) > hub present: displayName dialog (prefilled with the folder name) → bindProject → re-fetch → MANAGED console
Warning: The current testing environment is not configured to support act(...)
Warning: The current testing environment is not configured to support act(...)
Warning: The current testing environment is not configured to support act(...)

stderr | tests/views-shell/onboarding.test.tsx > OnboardingCard — 接入 flow (design §8) > hub present: displayName dialog (prefilled with the folder name) → bindProject → re-fetch → MANAGED console
Warning: The current testing environment is not configured to support act(...)

stderr | tests/views-shell/onboarding.test.tsx > OnboardingCard — 接入 flow (design §8) > no hub: 「尚无管理中枢」 warning FIRST — confirming does NOT block → displayName dialog → bindProject → STANDALONE console
Warning: The current testing environment is not configured to support act(...)
Warning: The current testing environment is not configured to support act(...)
Warning: The current testing environment is not configured to support act(...)
Warning: The current testing environment is not configured to support act(...)

stderr | tests/views-shell/onboarding.test.tsx > OnboardingCard — 接入 flow (design §8) > no hub: 「尚无管理中枢」 warning FIRST — confirming does NOT block → displayName dialog → bindProject → STANDALONE console
Warning: The current testing environment is not configured to support act(...)
Warning: The current testing environment is not configured to support act(...)

stderr | tests/views-shell/onboarding.test.tsx > OnboardingCard — 接入 flow (design §8) > no hub: 「尚无管理中枢」 warning FIRST — confirming does NOT block → displayName dialog → bindProject → STANDALONE console
Warning: The current testing environment is not configured to support act(...)
    at ProjectPage (<repo>/.worktrees/g3/src/client/views/project/ProjectPage.tsx:79:24)
    at div
    at div
    at div
    at ProjectConsole (<repo>/.worktrees/g3/src/client/views/shell/project-console.tsx:365:27)
    at section
    at div
    at ConsoleFrame (<repo>/.worktrees/g3/src/client/views/shell/shell.tsx:725:25)
    at ProjectReadonlyProvider (<repo>/.worktrees/g3/src/client/components/readonly-context.tsx:111:36)
    at ResearchShell (<repo>/.worktrees/g3/src/client/views/shell/shell.tsx:173:62)
Warning: The current testing environment is not configured to support act(...)
    at ProjectPage (<repo>/.worktrees/g3/src/client/views/project/ProjectPage.tsx:79:24)
    at div
    at div
    at div
    at ProjectConsole (<repo>/.worktrees/g3/src/client/views/shell/project-console.tsx:365:27)
    at section
    at div
    at ConsoleFrame (<repo>/.worktrees/g3/src/client/views/shell/shell.tsx:725:25)
    at ProjectReadonlyProvider (<repo>/.worktrees/g3/src/client/components/readonly-context.tsx:111:36)
    at ResearchShell (<repo>/.worktrees/g3/src/client/views/shell/shell.tsx:173:62)
Warning: The current testing environment is not configured to support act(...)
    at ProjectConsole (<repo>/.worktrees/g3/src/client/views/shell/project-console.tsx:365:27)
    at section
    at div
    at ConsoleFrame (<repo>/.worktrees/g3/src/client/views/shell/shell.tsx:725:25)
    at ProjectReadonlyProvider (<repo>/.worktrees/g3/src/client/components/readonly-context.tsx:111:36)
    at ResearchShell (<repo>/.worktrees/g3/src/client/views/shell/shell.tsx:173:62)
Warning: The current testing environment is not configured to support act(...)
Warning: The current testing environment is not configured to support act(...)
Warning: The current testing environment is not configured to support act(...)

stderr | tests/views-shell/onboarding.test.tsx > OnboardingCard — 接入 flow (design §8) > no hub: 「尚无管理中枢」 warning FIRST — confirming does NOT block → displayName dialog → bindProject → STANDALONE console
Warning: The current testing environment is not configured to support act(...)
Warning: The current testing environment is not configured to support act(...)
Warning: The current testing environment is not configured to support act(...)

stderr | tests/views-shell/onboarding.test.tsx > OnboardingCard — 接入 flow (design §8) > no hub: 「尚无管理中枢」 warning FIRST — confirming does NOT block → displayName dialog → bindProject → STANDALONE console
Warning: The current testing environment is not configured to support act(...)

stderr | tests/views-shell/onboarding.test.tsx > OnboardingCard — 接入 flow (design §8) > an edited display name is what bindProject receives
Warning: The current testing environment is not configured to support act(...)
Warning: The current testing environment is not configured to support act(...)
Warning: The current testing environment is not configured to support act(...)
Warning: The current testing environment is not configured to support act(...)

stderr | tests/views-shell/onboarding.test.tsx > OnboardingCard — 接入 flow (design §8) > an edited display name is what bindProject receives
Warning: The current testing environment is not configured to support act(...)
Warning: The current testing environment is not configured to support act(...)

 ✓ tests/views-workstream/ui5-plan-editor.test.tsx (19 tests) 674ms
stderr | tests/views-shell/onboarding.test.tsx > OnboardingCard — 接入 flow (design §8) > bindProject RPC error: the error shows on the card, the card stays, no re-fetch
Warning: The current testing environment is not configured to support act(...)
Warning: The current testing environment is not configured to support act(...)
Warning: The current testing environment is not configured to support act(...)

 ✓ tests/checkpoint/restore.test.ts (5 tests) 733ms
stderr | tests/views-shell/onboarding.test.tsx > OnboardingCard — V2-UI-0.4 UI-2 Create journey (frozen B spec 5 steps) > happy path: 5 steps → createLocalResearchProject({wsPath, title}) → 进入项目 → MANAGED console
Warning: The current testing environment is not configured to support act(...)
Warning: The current testing environment is not configured to support act(...)
Warning: The current testing environment is not configured to support act(...)

stderr | tests/views-shell/onboarding.test.tsx > OnboardingCard — V2-UI-0.4 UI-2 Create journey (frozen B spec 5 steps) > happy path: 5 steps → createLocalResearchProject({wsPath, title}) → 进入项目 → MANAGED console
Warning: The current testing environment is not configured to support act(...)
Warning: The current testing environment is not configured to support act(...)

stderr | tests/views-shell/onboarding.test.tsx > OnboardingCard — V2-UI-0.4 UI-2 Create journey (frozen B spec 5 steps) > happy path: 5 steps → createLocalResearchProject({wsPath, title}) → 进入项目 → MANAGED console
Warning: The current testing environment is not configured to support act(...)
    at ProjectPage (<repo>/.worktrees/g3/src/client/views/project/ProjectPage.tsx:79:24)
    at div
    at div
    at div
    at ProjectConsole (<repo>/.worktrees/g3/src/client/views/shell/project-console.tsx:365:27)
    at section
    at div
    at ConsoleFrame (<repo>/.worktrees/g3/src/client/views/shell/shell.tsx:725:25)
    at ProjectReadonlyProvider (<repo>/.worktrees/g3/src/client/components/readonly-context.tsx:111:36)
    at ResearchShell (<repo>/.worktrees/g3/src/client/views/shell/shell.tsx:173:62)
Warning: The current testing environment is not configured to support act(...)
    at ProjectPage (<repo>/.worktrees/g3/src/client/views/project/ProjectPage.tsx:79:24)
    at div
    at div
    at div
    at ProjectConsole (<repo>/.worktrees/g3/src/client/views/shell/project-console.tsx:365:27)
    at section
    at div
    at ConsoleFrame (<repo>/.worktrees/g3/src/client/views/shell/shell.tsx:725:25)
    at ProjectReadonlyProvider (<repo>/.worktrees/g3/src/client/components/readonly-context.tsx:111:36)
    at ResearchShell (<repo>/.worktrees/g3/src/client/views/shell/shell.tsx:173:62)
Warning: The current testing environment is not configured to support act(...)
    at ProjectConsole (<repo>/.worktrees/g3/src/client/views/shell/project-console.tsx:365:27)
    at section
    at div
    at ConsoleFrame (<repo>/.worktrees/g3/src/client/views/shell/shell.tsx:725:25)
    at ProjectReadonlyProvider (<repo>/.worktrees/g3/src/client/components/readonly-context.tsx:111:36)
    at ResearchShell (<repo>/.worktrees/g3/src/client/views/shell/shell.tsx:173:62)
Warning: The current testing environment is not configured to support act(...)
Warning: The current testing environment is not configured to support act(...)
Warning: The current testing environment is not configured to support act(...)

stderr | tests/views-shell/onboarding.test.tsx > OnboardingCard — V2-UI-0.4 UI-2 Create journey (frozen B spec 5 steps) > happy path: 5 steps → createLocalResearchProject({wsPath, title}) → 进入项目 → MANAGED console
Warning: The current testing environment is not configured to support act(...)
Warning: The current testing environment is not configured to support act(...)
Warning: The current testing environment is not configured to support act(...)

stderr | tests/views-shell/onboarding.test.tsx > OnboardingCard — V2-UI-0.4 UI-2 Create journey (frozen B spec 5 steps) > happy path: 5 steps → createLocalResearchProject({wsPath, title}) → 进入项目 → MANAGED console
Warning: The current testing environment is not configured to support act(...)

 ✓ tests/runbinding/discovery.test.ts (12 tests) 646ms
stderr | tests/views-shell/onboarding.test.tsx > OnboardingCard — V2-UI-0.4 UI-2 Create journey (frozen B spec 5 steps) > optionals carried: description / importance / attention / targetDate are all sent when set
Warning: The current testing environment is not configured to support act(...)
Warning: The current testing environment is not configured to support act(...)
Warning: The current testing environment is not configured to support act(...)

stderr | tests/views-shell/onboarding.test.tsx > OnboardingCard — V2-UI-0.4 UI-2 Create journey (frozen B spec 5 steps) > failure arm (RESOLVED ok:false): ✓/✗/○ status lines + partial-change note + 取消 / 打开目录 / Retry
Warning: The current testing environment is not configured to support act(...)
Warning: The current testing environment is not configured to support act(...)

stderr | tests/views-shell/onboarding.test.tsx > OnboardingCard — V2-UI-0.4 UI-2 Create journey (frozen B spec 5 steps) > failure arm (RESOLVED ok:false): ✓/✗/○ status lines + partial-change note + 取消 / 打开目录 / Retry
Warning: The current testing environment is not configured to support act(...)
Warning: The current testing environment is not configured to support act(...)

stderr | tests/views-shell/onboarding.test.tsx > OnboardingCard — V2-UI-0.4 UI-2 Create journey (frozen B spec 5 steps) > failure arm (RESOLVED ok:false): ✓/✗/○ status lines + partial-change note + 取消 / 打开目录 / Retry
Warning: The current testing environment is not configured to support act(...)
Warning: The current testing environment is not configured to support act(...)
Warning: The current testing environment is not configured to support act(...)

stderr | tests/views-shell/onboarding.test.tsx > OnboardingCard — V2-UI-0.4 UI-2 Create journey (frozen B spec 5 steps) > rejection (pre-check rung): the NOTE-4 carrier decodes [research-control] <CODE> from the message
Warning: The current testing environment is not configured to support act(...)
Warning: The current testing environment is not configured to support act(...)

stderr | tests/views-shell/onboarding.test.tsx > OnboardingCard — V2-UI-0.4 UI-2 Create journey (frozen B spec 5 steps) > rejection (pre-check rung): the NOTE-4 carrier decodes [research-control] <CODE> from the message
Warning: The current testing environment is not configured to support act(...)
Warning: The current testing environment is not configured to support act(...)
Warning: The current testing environment is not configured to support act(...)

stderr | tests/views-shell/onboarding.test.tsx > OnboardingCard — V2-UI-0.4 UI-2 Create journey (frozen B spec 5 steps) > rejection without a prefix: the raw message shows verbatim (no decode available)
Warning: The current testing environment is not configured to support act(...)
Warning: The current testing environment is not configured to support act(...)

stderr | tests/views-shell/onboarding.test.tsx > OnboardingCard — V2-UI-0.4 UI-2 Bind journey (frozen B spec 4 states) > state 1 (RC_PROJECT): message verbatim → [Bind] → confirm (tree-title prefill) → scaffold:false → MANAGED console
Warning: The current testing environment is not configured to support act(...)
Warning: The current testing environment is not configured to support act(...)
Warning: The current testing environment is not configured to support act(...)
Warning: The current testing environment is not configured to support act(...)

stderr | tests/views-shell/onboarding.test.tsx > OnboardingCard — V2-UI-0.4 UI-2 Bind journey (frozen B spec 4 states) > state 1 (RC_PROJECT): message verbatim → [Bind] → confirm (tree-title prefill) → scaffold:false → MANAGED console
Warning: The current testing environment is not configured to support act(...)
Warning: The current testing environment is not configured to support act(...)
Warning: The current testing environment is not configured to support act(...)
Warning: The current testing environment is not configured to support act(...)

stderr | tests/views-shell/onboarding.test.tsx > OnboardingCard — V2-UI-0.4 UI-2 Bind journey (frozen B spec 4 states) > state 1 (RC_PROJECT): message verbatim → [Bind] → confirm (tree-title prefill) → scaffold:false → MANAGED console
Warning: The current testing environment is not configured to support act(...)
Warning: The current testing environment is not configured to support act(...)

stderr | tests/views-shell/onboarding.test.tsx > OnboardingCard — V2-UI-0.4 UI-2 Bind journey (frozen B spec 4 states) > state 1 (RC_PROJECT): message verbatim → [Bind] → confirm (tree-title prefill) → scaffold:false → MANAGED console
Warning: The current testing environment is not configured to support act(...)
    at ProjectPage (<repo>/.worktrees/g3/src/client/views/project/ProjectPage.tsx:79:24)
    at div
    at div
    at div
    at ProjectConsole (<repo>/.worktrees/g3/src/client/views/shell/project-console.tsx:365:27)
    at section
    at div
    at ConsoleFrame (<repo>/.worktrees/g3/src/client/views/shell/shell.tsx:725:25)
    at ProjectReadonlyProvider (<repo>/.worktrees/g3/src/client/components/readonly-context.tsx:111:36)
    at ResearchShell (<repo>/.worktrees/g3/src/client/views/shell/shell.tsx:173:62)
Warning: The current testing environment is not configured to support act(...)
    at ProjectPage (<repo>/.worktrees/g3/src/client/views/project/ProjectPage.tsx:79:24)
    at div
    at div
    at div
    at ProjectConsole (<repo>/.worktrees/g3/src/client/views/shell/project-console.tsx:365:27)
    at section
    at div
    at ConsoleFrame (<repo>/.worktrees/g3/src/client/views/shell/shell.tsx:725:25)
    at ProjectReadonlyProvider (<repo>/.worktrees/g3/src/client/components/readonly-context.tsx:111:36)
    at ResearchShell (<repo>/.worktrees/g3/src/client/views/shell/shell.tsx:173:62)
Warning: The current testing environment is not configured to support act(...)
    at ProjectConsole (<repo>/.worktrees/g3/src/client/views/shell/project-console.tsx:365:27)
    at section
    at div
    at ConsoleFrame (<repo>/.worktrees/g3/src/client/views/shell/shell.tsx:725:25)
    at ProjectReadonlyProvider (<repo>/.worktrees/g3/src/client/components/readonly-context.tsx:111:36)
    at ResearchShell (<repo>/.worktrees/g3/src/client/views/shell/shell.tsx:173:62)
Warning: The current testing environment is not configured to support act(...)
Warning: The current testing environment is not configured to support act(...)
Warning: The current testing environment is not configured to support act(...)

stderr | tests/views-shell/onboarding.test.tsx > OnboardingCard — V2-UI-0.4 UI-2 Bind journey (frozen B spec 4 states) > state 1 (RC_PROJECT): message verbatim → [Bind] → confirm (tree-title prefill) → scaffold:false → MANAGED console
Warning: The current testing environment is not configured to support act(...)
Warning: The current testing environment is not configured to support act(...)
Warning: The current testing environment is not configured to support act(...)

stderr | tests/views-shell/onboarding.test.tsx > OnboardingCard — V2-UI-0.4 UI-2 Bind journey (frozen B spec 4 states) > state 1 (RC_PROJECT): message verbatim → [Bind] → confirm (tree-title prefill) → scaffold:false → MANAGED console
Warning: The current testing environment is not configured to support act(...)

stderr | tests/views-shell/onboarding.test.tsx > OnboardingCard — V2-UI-0.4 UI-2 Bind journey (frozen B spec 4 states) > state 2 (GIT_ONLY): message + detail verbatim → [Initialize and Bind] → scaffold:true (folder-name prefill)
Warning: The current testing environment is not configured to support act(...)
Warning: The current testing environment is not configured to support act(...)
Warning: The current testing environment is not configured to support act(...)

stderr | tests/views-shell/onboarding.test.tsx > OnboardingCard — V2-UI-0.4 UI-2 Bind journey (frozen B spec 4 states) > state 2 (GIT_ONLY): message + detail verbatim → [Initialize and Bind] → scaffold:true (folder-name prefill)
Warning: The current testing environment is not configured to support act(...)
Warning: The current testing environment is not configured to support act(...)
Warning: The current testing environment is not configured to support act(...)
Warning: The current testing environment is not configured to support act(...)

stderr | tests/views-shell/onboarding.test.tsx > OnboardingCard — V2-UI-0.4 UI-2 Bind journey (frozen B spec 4 states) > state 2 (GIT_ONLY): message + detail verbatim → [Initialize and Bind] → scaffold:true (folder-name prefill)
Warning: The current testing environment is not configured to support act(...)
Warning: The current testing environment is not configured to support act(...)

stderr | tests/views-shell/onboarding.test.tsx > OnboardingCard — V2-UI-0.4 UI-2 Bind journey (frozen B spec 4 states) > state 3 (PLAIN_DIR): message + detail verbatim → [Initialize Git + Research Control] → scaffold:true
Warning: The current testing environment is not configured to support act(...)
Warning: The current testing environment is not configured to support act(...)
Warning: The current testing environment is not configured to support act(...)

stderr | tests/views-shell/onboarding.test.tsx > OnboardingCard — V2-UI-0.4 UI-2 Bind journey (frozen B spec 4 states) > state 3 (PLAIN_DIR): message + detail verbatim → [Initialize Git + Research Control] → scaffold:true
Warning: The current testing environment is not configured to support act(...)
Warning: The current testing environment is not configured to support act(...)
Warning: The current testing environment is not configured to support act(...)
Warning: The current testing environment is not configured to support act(...)

stderr | tests/views-shell/onboarding.test.tsx > OnboardingCard — V2-UI-0.4 UI-2 Bind journey (frozen B spec 4 states) > state 3 (PLAIN_DIR): message + detail verbatim → [Initialize Git + Research Control] → scaffold:true
Warning: The current testing environment is not configured to support act(...)
Warning: The current testing environment is not configured to support act(...)

stderr | tests/views-shell/onboarding.test.tsx > OnboardingCard — V2-UI-0.4 UI-2 Bind journey (frozen B spec 4 states) > state 4 (INCOMPATIBLE): reason + detail shown, NO action offered, no auto-repair note
Warning: The current testing environment is not configured to support act(...)
Warning: The current testing environment is not configured to support act(...)
Warning: The current testing environment is not configured to support act(...)

stderr | tests/views-shell/onboarding.test.tsx > OnboardingCard — V2-UI-0.4 UI-2 Bind journey (frozen B spec 4 states) > failed inspect: stays on the select phase with the NOTE-4 carrier detail shown THERE (D6-4 fix)
Warning: The current testing environment is not configured to support act(...)
Warning: The current testing environment is not configured to support act(...)

stderr | tests/views-shell/onboarding.test.tsx > OnboardingCard — V2-UI-0.4 UI-2 Bind journey (frozen B spec 4 states) > failed inspect: stays on the select phase with the NOTE-4 carrier detail shown THERE (D6-4 fix)
Warning: The current testing environment is not configured to support act(...)
Warning: The current testing environment is not configured to support act(...)
Warning: The current testing environment is not configured to support act(...)
Warning: The current testing environment is not configured to support act(...)

stderr | tests/views-shell/onboarding.test.tsx > OnboardingCard — V2-UI-0.4 UI-2 Bind journey (frozen B spec 4 states) > failed bind: the NOTE-4 carrier detail shows on the confirm phase, no re-fetch, dialog stays
Warning: The current testing environment is not configured to support act(...)
Warning: The current testing environment is not configured to support act(...)
Warning: The current testing environment is not configured to support act(...)

stderr | tests/views-shell/onboarding.test.tsx > OnboardingCard — V2-UI-0.4 UI-2 Bind journey (frozen B spec 4 states) > failed bind: the NOTE-4 carrier detail shows on the confirm phase, no re-fetch, dialog stays
Warning: The current testing environment is not configured to support act(...)
Warning: The current testing environment is not configured to support act(...)

 ✓ tests/views-shell/onboarding.test.tsx (31 tests) 709ms
 ✓ tests/loader/loader-happy.test.ts (17 tests) 522ms
stderr | tests/views-workstream/records.test.tsx > UI-7 Records face — the page-body toggle (B §13.2/§24) > 默认 [Workspace] tab：两个 tab 可见，Records 面未挂载
Warning: Invalid DOM property `stroke-dasharray`. Did you mean `strokeDasharray`?
    at path
    at svg
    at div
    at div
    at ReactFlow (<repo>/.worktrees/g3/tests/graph/xyflow-mock.ts:52:24)
    at div
    at div
    at PlanGraphView (<repo>/.worktrees/g3/src/client/graph/PlanGraphView.tsx:342:26)
    at div
    at PlanGraphContainer (<repo>/.worktrees/g3/src/client/graph/PlanGraphContainer.tsx:59:31)
    at div
    at div
    at div
    at WorkstreamView (<repo>/.worktrees/g3/src/client/views/workstream/WorkstreamView.tsx:131:27)

 ✓ tests/store/checkpoint.test.ts (2 tests) 597ms
     ✓ a killed append leaves NO partial event; the DB reopens and appends continue  307ms
 ✓ tests/topology/state-machine.test.ts (18 tests) 561ms
 ✓ tests/views-workstream/records.test.tsx (23 tests) 556ms
 ✓ tests/plan/crud.test.ts (20 tests) 632ms
 ✓ tests/checkpoint/diff-history.test.ts (4 tests) 623ms
 ✓ tests/tools/run-checkpoint.test.ts (10 tests) 577ms
 ✓ tests/wiring/authorizer.test.ts (10 tests) 500ms
 ✓ tests/inbox/service.test.ts (37 tests) 511ms
stderr | tests/views-drilldown/cockpit.test.tsx > ResearchCockpit — Gate P4 chain (TC-E2E-013) > reaches the DSH session in EXACTLY 3 interactions (chip → claim → session)
Warning: Invalid DOM property `stroke-dasharray`. Did you mean `strokeDasharray`?
    at path
    at svg
    at div
    at div
    at ReactFlow (<repo>/.worktrees/g3/tests/graph/xyflow-mock.ts:52:24)
    at div
    at div
    at PlanGraphView (<repo>/.worktrees/g3/src/client/graph/PlanGraphView.tsx:342:26)
    at div
    at PlanGraphContainer (<repo>/.worktrees/g3/src/client/graph/PlanGraphContainer.tsx:59:31)
    at div
    at div
    at div
    at WorkstreamView (<repo>/.worktrees/g3/src/client/views/workstream/WorkstreamView.tsx:131:27)
    at div
    at div
    at section
    at WorkstreamPage (<repo>/.worktrees/g3/src/client/views/drilldown/cockpit.tsx:172:27)
    at div
    at ResearchCockpit (<repo>/.worktrees/g3/src/client/views/drilldown/cockpit.tsx:260:49)

 ✓ tests/checkpoint/explicit-trigger.test.ts (7 tests) 530ms
 ✓ tests/checkpoint/save.test.ts (12 tests) 511ms
 ✓ tests/atomic/topology-crash.test.ts (11 tests) 480ms
 ✓ tests/views-drilldown/cockpit.test.tsx (14 tests) 556ms
 ✓ tests/views-project/project-container.test.tsx (16 tests) 471ms
 ✓ tests/plan/plan-load.test.ts (13 tests) 495ms
 ✓ tests/hardening/gate-handle-lifecycle.test.ts (5 tests) 562ms
stderr | tests/views-overview/project-console.test.tsx > ProjectConsole — 钻取链 (stays inside the console) > 项目 → 主题: the topic list click opens the topic page; the back chain is linear
Warning: Invalid DOM property `stroke-dasharray`. Did you mean `strokeDasharray`?
    at path
    at svg
    at div
    at div
    at ReactFlow (<repo>/.worktrees/g3/tests/graph/xyflow-mock.ts:52:24)
    at div
    at div
    at TopologyGraphView (<repo>/.worktrees/g3/src/client/graph/TopologyGraphView.tsx:297:30)
    at div
    at TopologyGraphContainer (<repo>/.worktrees/g3/src/client/graph/TopologyGraphContainer.tsx:44:35)
    at div
    at section
    at TopicPage (<repo>/.worktrees/g3/src/client/views/drilldown/topic-page.tsx:36:22)
    at div
    at div
    at div
    at ProjectConsole (<repo>/.worktrees/g3/src/client/views/shell/project-console.tsx:365:27)

 ✓ tests/views-project/project-view.test.tsx (32 tests) 431ms
 ✓ tests/views-overview/project-console.test.tsx (7 tests) 441ms
 ✓ tests/plan/tc-dom-005.test.ts (5 tests) 404ms
 ✓ tests/topology/atomic-write.test.ts (10 tests) 435ms
stderr | tests/graph/perf-viewport.test.tsx > TC-PERF-006: PlanGraph viewport virtualization > passes onlyRenderVisibleElements=true and culls the DOM to the viewport window (4 of 403)
Warning: Invalid DOM property `stroke-dasharray`. Did you mean `strokeDasharray`?
    at path
    at svg
    at div
    at div
    at ReactFlow (<repo>/.worktrees/g3/tests/graph/xyflow-mock.ts:52:24)
    at div
    at div
    at PlanGraphView (<repo>/.worktrees/g3/src/client/graph/PlanGraphView.tsx:342:26)

 ✓ tests/graph/perf-viewport.test.tsx (5 tests) 423ms
 ✓ tests/planfork/policy.test.ts (12 tests) 386ms
 ✓ tests/runbinding/checkpoint-boundary.test.ts (6 tests) 407ms
 ✓ tests/runbinding/permissions.test.ts (8 tests) 397ms
stderr | tests/views-shell/settings-page.test.tsx > ② 操作 — the per-role 显隐 matrix > 重扫并连接 fires rescan({}) + the shell re-fetch
Warning: The current testing environment is not configured to support act(...)

stderr | tests/views-shell/settings-page.test.tsx > 设为中枢 confirm dialog (STANDALONE + no hub) > confirm fires setHub with the session wsPath + the shell re-fetch, and closes
Warning: The current testing environment is not configured to support act(...)

stderr | tests/views-shell/settings-page.test.tsx > 设为中枢 confirm dialog (STANDALONE + no hub) > confirm fires setHub with the session wsPath + the shell re-fetch, and closes
Warning: The current testing environment is not configured to support act(...)

stderr | tests/views-shell/settings-page.test.tsx > 设为中枢 confirm dialog (STANDALONE + no hub) > a rejected 设为中枢: the dialog closes, the ② fault line answers, NO re-fetch
Warning: The current testing environment is not configured to support act(...)
Warning: The current testing environment is not configured to support act(...)

stderr | tests/views-shell/settings-page.test.tsx > 设为中枢 confirm dialog (STANDALONE + no hub) > a rejected 设为中枢: the dialog closes, the ② fault line answers, NO re-fetch
Warning: The current testing environment is not configured to support act(...)

stderr | tests/views-shell/settings-page.test.tsx > 解除绑定 confirm dialog (the 三件事) > confirm fires unbindProject with the session wsPath + the shell re-fetch, and closes
Warning: The current testing environment is not configured to support act(...)

stderr | tests/views-shell/settings-page.test.tsx > 解除绑定 confirm dialog (the 三件事) > confirm fires unbindProject with the session wsPath + the shell re-fetch, and closes
Warning: The current testing environment is not configured to support act(...)

stderr | tests/views-shell/settings-page.test.tsx > 解除绑定 confirm dialog (the 三件事) > a rejected unbind: the dialog closes, the ② fault line answers, NO re-fetch
Warning: The current testing environment is not configured to support act(...)
Warning: The current testing environment is not configured to support act(...)

stderr | tests/views-shell/settings-page.test.tsx > 解除绑定 confirm dialog (the 三件事) > a rejected unbind: the dialog closes, the ② fault line answers, NO re-fetch
Warning: The current testing environment is not configured to support act(...)

stderr | tests/views-shell/settings-page.test.tsx > 接入 flow > STANDALONE (hub exists): the dialog prefills the folder name; confirm registers WITHOUT scaffold (the tree is present)
Warning: The current testing environment is not configured to support act(...)

stderr | tests/views-shell/settings-page.test.tsx > 接入 flow > STANDALONE (hub exists): the dialog prefills the folder name; confirm registers WITHOUT scaffold (the tree is present)
Warning: The current testing environment is not configured to support act(...)

stderr | tests/views-shell/settings-page.test.tsx > 接入 flow > HUB (empty hub): confirm carries scaffold:true (the 引导卡 shape — the host refuses the hub-workspace bind and the fault line answers)
Warning: The current testing environment is not configured to support act(...)
Warning: The current testing environment is not configured to support act(...)

stderr | tests/views-shell/settings-page.test.tsx > 接入 flow > HUB (empty hub): confirm carries scaffold:true (the 引导卡 shape — the host refuses the hub-workspace bind and the fault line answers)
Warning: The current testing environment is not configured to support act(...)

stderr | tests/views-shell/settings-page.test.tsx > ③ 项目登记册 (the book) > [重验] fires rescan({}) + the shell re-fetch
Warning: The current testing environment is not configured to support act(...)

stderr | tests/views-shell/settings-page.test.tsx > ③ 项目登记册 (the book) > [移除登记] fires unbindProject with the entry registered path + the shell re-fetch (the T4.3 face — the host guard decides)
Warning: The current testing environment is not configured to support act(...)

stderr | tests/views-shell/settings-page.test.tsx > ③ 项目登记册 (the book) > a rejected 移除登记: the ③ fault line answers, NO re-fetch (the host refused — the row stays)
Warning: The current testing environment is not configured to support act(...)
Warning: The current testing environment is not configured to support act(...)

stderr | tests/views-shell/settings-page.test.tsx > ③ 项目登记册 (the book) > the ARCHIVED row renders 已归档 + [恢复登记]; the confirm fires restoreProject with the entry id + the shell re-fetch
Warning: The current testing environment is not configured to support act(...)

stderr | tests/views-shell/settings-page.test.tsx > ③ 项目登记册 (the book) > a rejected 恢复登记: the ③ fault line answers, NO re-fetch (the row stays 已归档)
Warning: The current testing environment is not configured to support act(...)
Warning: The current testing environment is not configured to support act(...)

 ✓ tests/views-shell/settings-page.test.tsx (35 tests) 373ms
stderr | tests/graph/container.test.tsx > PlanGraphContainer: slice binding > lazily loads the workstream slice on mount (idle → ready)
Warning: Invalid DOM property `stroke-dasharray`. Did you mean `strokeDasharray`?
    at path
    at svg
    at div
    at div
    at ReactFlow (<repo>/.worktrees/g3/tests/graph/xyflow-mock.ts:52:24)
    at div
    at div
    at PlanGraphView (<repo>/.worktrees/g3/src/client/graph/PlanGraphView.tsx:342:26)
    at div
    at PlanGraphContainer (<repo>/.worktrees/g3/src/client/graph/PlanGraphContainer.tsx:59:31)

 ✓ tests/actions/permission.test.ts (27 tests) 370ms
 ✓ tests/views-history/history-timeline-view.test.tsx (14 tests) 354ms
 ✓ tests/graph/container.test.tsx (13 tests) 379ms
stderr | tests/views-shell/missing-modal.test.tsx > MissingModal — 四动作（正确的 RPC + 正确的 args + 成功后关闭/重取） > 恢复 fires rescan({}) — the strict empty request — closes the modal and re-fetches
Warning: The current testing environment is not configured to support act(...)
Warning: The current testing environment is not configured to support act(...)
Warning: The current testing environment is not configured to support act(...)
Warning: The current testing environment is not configured to support act(...)
Warning: The current testing environment is not configured to support act(...)
Warning: The current testing environment is not configured to support act(...)

stderr | tests/views-shell/missing-modal.test.tsx > MissingModal — 四动作（正确的 RPC + 正确的 args + 成功后关闭/重取） > 恢复 fires rescan({}) — the strict empty request — closes the modal and re-fetches
Warning: The current testing environment is not configured to support act(...)
Warning: The current testing environment is not configured to support act(...)

stderr | tests/views-shell/missing-modal.test.tsx > MissingModal — 四动作（正确的 RPC + 正确的 args + 成功后关闭/重取） > 恢复 fires rescan({}) — the strict empty request — closes the modal and re-fetches
Warning: The current testing environment is not configured to support act(...)
Warning: The current testing environment is not configured to support act(...)
Warning: The current testing environment is not configured to support act(...)

stderr | tests/views-shell/missing-modal.test.tsx > MissingModal — 四动作（正确的 RPC + 正确的 args + 成功后关闭/重取） > 重初始化 fires bindProject({ wsPath, scaffold: true }) at the registered path — closes and re-fetches
Warning: The current testing environment is not configured to support act(...)
Warning: The current testing environment is not configured to support act(...)
Warning: The current testing environment is not configured to support act(...)
Warning: The current testing environment is not configured to support act(...)
Warning: The current testing environment is not configured to support act(...)
Warning: The current testing environment is not configured to support act(...)

stderr | tests/views-shell/missing-modal.test.tsx > MissingModal — 四动作（正确的 RPC + 正确的 args + 成功后关闭/重取） > 重初始化 fires bindProject({ wsPath, scaffold: true }) at the registered path — closes and re-fetches
Warning: The current testing environment is not configured to support act(...)
Warning: The current testing environment is not configured to support act(...)

stderr | tests/views-shell/missing-modal.test.tsx > MissingModal — 四动作（正确的 RPC + 正确的 args + 成功后关闭/重取） > 重初始化 fires bindProject({ wsPath, scaffold: true }) at the registered path — closes and re-fetches
Warning: The current testing environment is not configured to support act(...)
Warning: The current testing environment is not configured to support act(...)
Warning: The current testing environment is not configured to support act(...)

stderr | tests/views-shell/missing-modal.test.tsx > MissingModal — 四动作（正确的 RPC + 正确的 args + 成功后关闭/重取） > 移除登记 fires unbindProject({ wsPath }) — the wire takes the registered path — closes and re-fetches
Warning: The current testing environment is not configured to support act(...)
Warning: The current testing environment is not configured to support act(...)
Warning: The current testing environment is not configured to support act(...)
Warning: The current testing environment is not configured to support act(...)
Warning: The current testing environment is not configured to support act(...)
Warning: The current testing environment is not configured to support act(...)

stderr | tests/views-shell/missing-modal.test.tsx > MissingModal — 四动作（正确的 RPC + 正确的 args + 成功后关闭/重取） > 移除登记 fires unbindProject({ wsPath }) — the wire takes the registered path — closes and re-fetches
Warning: The current testing environment is not configured to support act(...)
Warning: The current testing environment is not configured to support act(...)

stderr | tests/views-shell/missing-modal.test.tsx > MissingModal — 四动作（正确的 RPC + 正确的 args + 成功后关闭/重取） > 移除登记 fires unbindProject({ wsPath }) — the wire takes the registered path — closes and re-fetches
Warning: The current testing environment is not configured to support act(...)
Warning: The current testing environment is not configured to support act(...)
Warning: The current testing environment is not configured to support act(...)

stderr | tests/views-shell/missing-modal.test.tsx > MissingModal — 四动作（正确的 RPC + 正确的 args + 成功后关闭/重取） > 推后 fires ackMissingReminder({ projectId }) — closes the modal and re-fetches
Warning: The current testing environment is not configured to support act(...)
Warning: The current testing environment is not configured to support act(...)
Warning: The current testing environment is not configured to support act(...)
Warning: The current testing environment is not configured to support act(...)
Warning: The current testing environment is not configured to support act(...)
Warning: The current testing environment is not configured to support act(...)

stderr | tests/views-shell/missing-modal.test.tsx > MissingModal — 四动作（正确的 RPC + 正确的 args + 成功后关闭/重取） > 推后 fires ackMissingReminder({ projectId }) — closes the modal and re-fetches
Warning: The current testing environment is not configured to support act(...)
Warning: The current testing environment is not configured to support act(...)

stderr | tests/views-shell/missing-modal.test.tsx > MissingModal — 四动作（正确的 RPC + 正确的 args + 成功后关闭/重取） > 推后 fires ackMissingReminder({ projectId }) — closes the modal and re-fetches
Warning: The current testing environment is not configured to support act(...)
Warning: The current testing environment is not configured to support act(...)
Warning: The current testing environment is not configured to support act(...)

stderr | tests/views-shell/missing-modal.test.tsx > MissingModal — 四动作（正确的 RPC + 正确的 args + 成功后关闭/重取） > every action button is disabled while an action is in flight
Warning: The current testing environment is not configured to support act(...)
Warning: The current testing environment is not configured to support act(...)
Warning: The current testing environment is not configured to support act(...)
Warning: The current testing environment is not configured to support act(...)
Warning: The current testing environment is not configured to support act(...)
Warning: The current testing environment is not configured to support act(...)

stderr | tests/views-shell/missing-modal.test.tsx > MissingModal — 四动作（正确的 RPC + 正确的 args + 成功后关闭/重取） > every action button is disabled while an action is in flight
Warning: The current testing environment is not configured to support act(...)
Warning: The current testing environment is not configured to support act(...)

stderr | tests/views-shell/missing-modal.test.tsx > MissingModal — 四动作（正确的 RPC + 正确的 args + 成功后关闭/重取） > every action button is disabled while an action is in flight
Warning: The current testing environment is not configured to support act(...)
Warning: The current testing environment is not configured to support act(...)
Warning: The current testing environment is not configured to support act(...)

stderr | tests/views-shell/missing-modal.test.tsx > MissingModal — 运行时去重（推后 → 同运行期二次渲染不再弹） > DEDUP: after 推后 + re-fetch (the host flips `deferred` to true), the second render does NOT re-pop
Warning: The current testing environment is not configured to support act(...)
Warning: The current testing environment is not configured to support act(...)
Warning: The current testing environment is not configured to support act(...)
Warning: The current testing environment is not configured to support act(...)
Warning: The current testing environment is not configured to support act(...)
Warning: The current testing environment is not configured to support act(...)

stderr | tests/views-shell/missing-modal.test.tsx > MissingModal — 运行时去重（推后 → 同运行期二次渲染不再弹） > DEDUP: after 推后 + re-fetch (the host flips `deferred` to true), the second render does NOT re-pop
Warning: The current testing environment is not configured to support act(...)
Warning: The current testing environment is not configured to support act(...)

stderr | tests/views-shell/missing-modal.test.tsx > MissingModal — 运行时去重（推后 → 同运行期二次渲染不再弹） > DEDUP: after 推后 + re-fetch (the host flips `deferred` to true), the second render does NOT re-pop
Warning: The current testing environment is not configured to support act(...)
Warning: The current testing environment is not configured to support act(...)
Warning: The current testing environment is not configured to support act(...)

stderr | tests/views-shell/missing-modal.test.tsx > MissingModal — 运行时去重（推后 → 同运行期二次渲染不再弹） > multi-entry: acking ONE entry re-pops for the OTHER live entry only (per-entry 挂起 semantics)
Warning: The current testing environment is not configured to support act(...)
Warning: The current testing environment is not configured to support act(...)
Warning: The current testing environment is not configured to support act(...)
Warning: The current testing environment is not configured to support act(...)
Warning: The current testing environment is not configured to support act(...)
Warning: The current testing environment is not configured to support act(...)

stderr | tests/views-shell/missing-modal.test.tsx > MissingModal — 运行时去重（推后 → 同运行期二次渲染不再弹） > multi-entry: acking ONE entry re-pops for the OTHER live entry only (per-entry 挂起 semantics)
Warning: The current testing environment is not configured to support act(...)
Warning: The current testing environment is not configured to support act(...)

stderr | tests/views-shell/missing-modal.test.tsx > MissingModal — 运行时去重（推后 → 同运行期二次渲染不再弹） > multi-entry: acking ONE entry re-pops for the OTHER live entry only (per-entry 挂起 semantics)
Warning: The current testing environment is not configured to support act(...)
    at ResearchShell (<repo>/.worktrees/g3/src/client/views/shell/shell.tsx:173:62)
Warning: The current testing environment is not configured to support act(...)
Warning: The current testing environment is not configured to support act(...)
Warning: The current testing environment is not configured to support act(...)

stderr | tests/views-shell/missing-modal.test.tsx > MissingModal — 错误（显示错误, 弹窗保留, 不重取） > a rejected 恢复 shows the error (role=alert), the modal STAYS open, and no re-fetch happens
Warning: The current testing environment is not configured to support act(...)
Warning: The current testing environment is not configured to support act(...)

stderr | tests/views-shell/missing-modal.test.tsx > MissingModal — 错误（显示错误, 弹窗保留, 不重取） > a rejected 推后 keeps the entry live in the modal (the ack flag was NOT set — the next render re-pops)
Warning: The current testing environment is not configured to support act(...)
Warning: The current testing environment is not configured to support act(...)

 ✓ tests/views-shell/missing-modal.test.tsx (13 tests) 365ms
stderr | tests/views-shell/investigator-page.test.tsx > 状态条 (collapsed transient panel) > confirm runs saveRecord and re-fetches the host truth (no local patch)
Warning: The current testing environment is not configured to support act(...)
Warning: The current testing environment is not configured to support act(...)
Warning: The current testing environment is not configured to support act(...)

stderr | tests/views-shell/investigator-page.test.tsx > 状态条 (collapsed transient panel) > confirm runs saveRecord and re-fetches the host truth (no local patch)
Warning: The current testing environment is not configured to support act(...)
Warning: The current testing environment is not configured to support act(...)

stderr | tests/views-shell/investigator-page.test.tsx > 状态条 (collapsed transient panel) > confirm runs saveRecord and re-fetches the host truth (no local patch)
Warning: The current testing environment is not configured to support act(...)

stderr | tests/views-shell/investigator-page.test.tsx > 状态条 (collapsed transient panel) > a save rejection keeps the dialog open with the fault (the host wrote nothing)
Warning: The current testing environment is not configured to support act(...)

stderr | tests/views-shell/investigator-page.test.tsx > 状态条 (collapsed transient panel) > a save rejection keeps the dialog open with the fault (the host wrote nothing)
Warning: The current testing environment is not configured to support act(...)

 ✓ tests/views-shell/investigator-page.test.tsx (19 tests) 365ms
stderr | tests/views-shell/shell.test.tsx > ResearchShell — 加载失败 / 重试 > renders the failure face with 重试; clicking 重试 re-invokes the fetch
Warning: The current testing environment is not configured to support act(...)
Warning: The current testing environment is not configured to support act(...)

stderr | tests/views-shell/shell.test.tsx > ResearchShell — 加载失败 / 重试 > renders the failure face with 重试; clicking 重试 re-invokes the fetch
Warning: The current testing environment is not configured to support act(...)
Warning: The current testing environment is not configured to support act(...)
Warning: The current testing environment is not configured to support act(...)
Warning: The current testing environment is not configured to support act(...)

 ✓ tests/actions/workstream-scope.test.ts (4 tests) 317ms
 ✓ tests/loader/workspace-policy.test.ts (9 tests) 376ms
 ✓ tests/views-shell/shell.test.tsx (11 tests) 337ms
 ✓ tests/inbox/store.test.ts (18 tests) 318ms
 ✓ tests/planfork/model.test.ts (12 tests) 334ms
 ✓ tests/git/t24-commit-scope.test.ts (9 tests) 287ms
 ✓ tests/runbinding/state-machine.test.ts (40 tests) 293ms
 ✓ tests/views-home/home-view.test.tsx (18 tests) 258ms
stderr | tests/views-topology/view.test.tsx > the action face (ADJ-6: the single Topic-page topology entry) > renders the action bar + legend once the topic slice is ready
Warning: Invalid DOM property `stroke-dasharray`. Did you mean `strokeDasharray`?
    at path
    at svg
    at div
    at div
    at ReactFlow (<repo>/.worktrees/g3/tests/graph/xyflow-mock.ts:52:24)
    at div
    at div
    at TopologyGraphView (<repo>/.worktrees/g3/src/client/graph/TopologyGraphView.tsx:297:30)
    at div
    at TopologyGraphContainer (<repo>/.worktrees/g3/src/client/graph/TopologyGraphContainer.tsx:44:35)

 ✓ tests/views-investigator/container.test.tsx (12 tests) 291ms
 ✓ tests/views-topology/view.test.tsx (12 tests) 305ms
 ✓ tests/runbinding/frozen-shape.test.ts (6 tests) 279ms
stderr | tests/views-project/cockpit-flow.test.tsx > ResearchCockpit — Home → Project → Topic → Workstream (G4 S1 flow) > drills Home → Project → Topic → Workstream, and 返回 walks back home
Warning: Invalid DOM property `stroke-dasharray`. Did you mean `strokeDasharray`?
    at path
    at svg
    at div
    at div
    at ReactFlow (<repo>/.worktrees/g3/tests/graph/xyflow-mock.ts:52:24)
    at div
    at div
    at PlanGraphView (<repo>/.worktrees/g3/src/client/graph/PlanGraphView.tsx:342:26)
    at div
    at PlanGraphContainer (<repo>/.worktrees/g3/src/client/graph/PlanGraphContainer.tsx:59:31)
    at div
    at div
    at div
    at WorkstreamView (<repo>/.worktrees/g3/src/client/views/workstream/WorkstreamView.tsx:131:27)
    at div
    at div
    at section
    at WorkstreamPage (<repo>/.worktrees/g3/src/client/views/drilldown/cockpit.tsx:172:27)
    at div
    at ResearchCockpit (<repo>/.worktrees/g3/src/client/views/drilldown/cockpit.tsx:260:49)

 ✓ tests/views-project/cockpit-flow.test.tsx (3 tests) 273ms
 ✓ tests/views-inbox/container.test.tsx (8 tests) 259ms
 ✓ tests/property/replay-idempotent.test.ts (1 test) 304ms
 ✓ tests/flooding/intervention.test.ts (20 tests) 237ms
 ✓ tests/hardening/git-check.test.ts (8 tests) 252ms
stdout | tests/rpc-face/stale-precheck.test.ts > WP-4.6 host RPC face — query-path stale pre-check (RR-015①) > getDashboard runs the FULL sweep (undefined scope) before the projection
[research-control][rpc][auditRefresh] {
  discrepancies: 0,
  captured: 0,
  escalated: null,
  skippedDedupe: 0,
  skippedBaseline: 0,
  captureFailures: 0
}

 ✓ tests/property/dual-order-deterministic.test.ts (1 test) 278ms
 ✓ tests/intervention/workstream-scope.test.ts (3 tests) 277ms
stdout | tests/rpc-face/stale-precheck.test.ts > WP-4.6 host RPC face — query-path stale pre-check (RR-015①) > a per-PF sweep failure (collected, never thrown) does NOT abort the query
[research-control][rpc][auditRefresh] {
  discrepancies: 0,
  captured: 0,
  escalated: null,
  skippedDedupe: 0,
  skippedBaseline: 0,
  captureFailures: 0
}

 ✓ tests/rpc-face/stale-precheck.test.ts (5 tests) 265ms
stderr | tests/graph/plan-view.test.tsx > render smoke: data correctness through the (mocked) canvas > renders the header with the canonical count and the unresolved count
Warning: Invalid DOM property `stroke-dasharray`. Did you mean `strokeDasharray`?
    at path
    at svg
    at div
    at div
    at ReactFlow (<repo>/.worktrees/g3/tests/graph/xyflow-mock.ts:52:24)
    at div
    at div
    at PlanGraphView (<repo>/.worktrees/g3/src/client/graph/PlanGraphView.tsx:342:26)

 ✓ tests/graph/plan-view.test.tsx (32 tests) 253ms
 ✓ tests/views-intervention/groups.test.tsx (13 tests) 281ms
 ✓ tests/views-home/home-container.test.tsx (9 tests) 252ms
 ✓ tests/property/semantics-consistency.test.ts (1 test) 281ms
stderr | tests/views-shell/legacy-surface-hiding.test.tsx > UI-9 D2 — legacy surface hiding (zero deletion) > Reporting / Inbox / Living Brief / ResearchCockpit: dormant — absent from the live tree
Warning: Invalid DOM property `stroke-dasharray`. Did you mean `strokeDasharray`?
    at path
    at svg
    at div
    at div
    at ReactFlow (<repo>/.worktrees/g3/tests/graph/xyflow-mock.ts:52:24)
    at div
    at div
    at PlanGraphView (<repo>/.worktrees/g3/src/client/graph/PlanGraphView.tsx:342:26)
    at div
    at PlanGraphContainer (<repo>/.worktrees/g3/src/client/graph/PlanGraphContainer.tsx:59:31)
    at div
    at div
    at div
    at WorkstreamView (<repo>/.worktrees/g3/src/client/views/workstream/WorkstreamView.tsx:131:27)
    at div
    at div
    at section
    at WorkstreamPage (<repo>/.worktrees/g3/src/client/views/drilldown/cockpit.tsx:172:27)

 ✓ tests/views-shell/legacy-surface-hiding.test.tsx (5 tests) 240ms
 ✓ tests/analysis/schemas.test.ts (13 tests) 208ms
 ✓ tests/store/tc-db-004.test.ts (11 tests) 239ms
 ✓ tests/views-brief/panel.test.tsx (13 tests) 264ms
 ✓ tests/semantics-records/query-records.test.ts (15 tests) 239ms
 ✓ tests/history-registry/schema-load.test.ts (12 tests) 211ms
 ✓ tests/loader/real-schema.test.ts (6 tests) 260ms
stderr | tests/views-overview/hub-overview.test.tsx > HubOverviewPage — 加载生命周期 > a failed FIRST load renders the failure face; 刷新 re-invokes the fetch and the result renders
Warning: The current testing environment is not configured to support act(...)
Warning: The current testing environment is not configured to support act(...)
Warning: The current testing environment is not configured to support act(...)

 ✓ tests/views-overview/hub-overview.test.tsx (21 tests) 310ms
 ✓ tests/reporting/view-render.test.tsx (9 tests) 240ms
 ✓ tests/views-inbox/view.test.tsx (18 tests) 231ms
 ✓ tests/audit-strict/policy.test.ts (13 tests) 251ms
stderr | tests/graph/topology-view.test.tsx > render smoke: nodes and the directed edge set > renders one node per Workstream card with lifecycle + counts
Warning: Invalid DOM property `stroke-dasharray`. Did you mean `strokeDasharray`?
    at path
    at svg
    at div
    at div
    at ReactFlow (<repo>/.worktrees/g3/tests/graph/xyflow-mock.ts:52:24)
    at div
    at div
    at TopologyGraphView (<repo>/.worktrees/g3/src/client/graph/TopologyGraphView.tsx:297:30)

 ✓ tests/investigator-readers/readers.test.ts (26 tests) 193ms
 ✓ tests/graph/topology-view.test.tsx (13 tests) 250ms
 ✓ tests/semantics/fold-integration.test.ts (6 tests) 229ms
 ✓ tests/property/seq-monotonic.test.ts (1 test) 246ms
 ✓ tests/planfork/inv-plan-6.test.ts (6 tests) 229ms
 ✓ tests/views-brief/container.test.tsx (6 tests) 241ms
 ✓ tests/views-structure/structure-tree.test.tsx (11 tests) 212ms
 ✓ tests/semantics-records/relation.test.ts (13 tests) 196ms
stderr | tests/views-shell/investigator-binding.test.tsx > T5.3 — 一键调查 → 调查员 binding (shell-level) > a successful launch binds the session, jumps the frame to 调查员, and 解绑 clears the binding
Warning: Each child in a list should have a unique "key" prop.

Check the render method of `InterventionStreamPage`. See https://reactjs.org/link/warning-keys for more information.
    at li
    at InterventionStreamPage (<repo>/.worktrees/g3/src/client/views/shell/intervention-stream.tsx:187:10)
    at section
    at div
    at ConsoleFrame (<repo>/.worktrees/g3/src/client/views/shell/shell.tsx:725:25)
    at ResearchShell (<repo>/.worktrees/g3/src/client/views/shell/shell.tsx:173:62)

stderr | tests/views-shell/investigator-binding.test.tsx > T5.3 — 一键调查 → 调查员 binding (shell-level) > a successful launch binds the session, jumps the frame to 调查员, and 解绑 clears the binding
Warning: The current testing environment is not configured to support act(...)
Warning: The current testing environment is not configured to support act(...)

stderr | tests/views-shell/investigator-binding.test.tsx > T5.3 — 一键调查 → 调查员 binding (shell-level) > a successful launch binds the session, jumps the frame to 调查员, and 解绑 clears the binding
Warning: The current testing environment is not configured to support act(...)
Warning: The current testing environment is not configured to support act(...)
    at InvestigatorPage (<repo>/.worktrees/g3/src/client/views/shell/investigator-page.tsx:103:76)
    at section
    at div
    at ConsoleFrame (<repo>/.worktrees/g3/src/client/views/shell/shell.tsx:725:25)
    at ResearchShell (<repo>/.worktrees/g3/src/client/views/shell/shell.tsx:173:62)
Warning: The current testing environment is not configured to support act(...)
    at InvestigatorPage (<repo>/.worktrees/g3/src/client/views/shell/investigator-page.tsx:103:76)
    at section
    at div
    at ConsoleFrame (<repo>/.worktrees/g3/src/client/views/shell/shell.tsx:725:25)
    at ResearchShell (<repo>/.worktrees/g3/src/client/views/shell/shell.tsx:173:62)
Warning: The current testing environment is not configured to support act(...)
    at InvestigatorPage (<repo>/.worktrees/g3/src/client/views/shell/investigator-page.tsx:103:76)
    at section
    at div
    at ConsoleFrame (<repo>/.worktrees/g3/src/client/views/shell/shell.tsx:725:25)
    at ResearchShell (<repo>/.worktrees/g3/src/client/views/shell/shell.tsx:173:62)
Warning: The current testing environment is not configured to support act(...)
Warning: The current testing environment is not configured to support act(...)
Warning: The current testing environment is not configured to support act(...)
Warning: The current testing environment is not configured to support act(...)
Warning: The current testing environment is not configured to support act(...)
Warning: The current testing environment is not configured to support act(...)
Warning: The current testing environment is not configured to support act(...)

 ✓ tests/audit-strict/read-only.test.ts (6 tests) 236ms
stderr | tests/views-shell/investigator-binding.test.tsx > T5.3 — 一键调查 → 调查员 binding (shell-level) > a launch success text WITHOUT a session id stays unbound (no guessing)
Warning: The current testing environment is not configured to support act(...)

 ✓ tests/views-shell/investigator-binding.test.tsx (2 tests) 186ms
 ✓ tests/views-actions/container.test.tsx (5 tests) 163ms
 ✓ tests/git/tc-git-005.test.ts (2 tests) 142ms
 ✓ tests/semantics-records/agent-create.test.ts (10 tests) 147ms
 ✓ tests/dependency/service.test.ts (17 tests) 160ms
 ✓ tests/semantics-records/artifact.test.ts (8 tests) 163ms
 ✓ tests/topology/contract.test.ts (11 tests) 132ms
 ✓ tests/semantics-records/canonical-protocol.test.ts (4 tests) 140ms
 ✓ tests/views-drilldown/panels.test.tsx (8 tests) 148ms
 ✓ tests/attention/view.test.tsx (15 tests) 162ms
stderr | tests/views-settings/research-settings-card.test.tsx > snapshot states > reseeds the drafts when the scope updates while the user is idle
Warning: The current testing environment is not configured to support act(...)
Warning: The current testing environment is not configured to support act(...)
    at ResearchSettingsCard (<repo>/.worktrees/g3/src/client/views/settings/research-settings-card.tsx:72:72)

stderr | tests/views-settings/research-settings-card.test.tsx > snapshot states > does NOT clobber a dirty draft on an unrelated scope update
Warning: The current testing environment is not configured to support act(...)

stderr | tests/views-settings/research-settings-card.test.tsx > save state machine (the §7.5 outcomes) > success: 已保存 appears and the drafts keep the new values
Warning: The current testing environment is not configured to support act(...)
Warning: The current testing environment is not configured to support act(...)
Warning: The current testing environment is not configured to support act(...)

stderr | tests/views-settings/research-settings-card.test.tsx > save state machine (the §7.5 outcomes) > the brief 已保存 line clears on its own (~2.5s)
Warning: The current testing environment is not configured to support act(...)
Warning: The current testing environment is not configured to support act(...)
Warning: The current testing environment is not configured to support act(...)

stderr | tests/views-settings/research-settings-card.test.tsx > save state machine (the §7.5 outcomes) > the brief 已保存 line clears on its own (~2.5s)
Warning: The current testing environment is not configured to support act(...)

stderr | tests/views-settings/research-settings-card.test.tsx > save state machine (the §7.5 outcomes) > missing-rollback: the EXACT warning + BOTH fields back to pre-save values
Warning: The current testing environment is not configured to support act(...)
Warning: The current testing environment is not configured to support act(...)
Warning: The current testing environment is not configured to support act(...)

stderr | tests/views-settings/research-settings-card.test.tsx > save state machine (the §7.5 outcomes) > rescan-error: the fault line, old values visible, no 已保存
Warning: The current testing environment is not configured to support act(...)
Warning: The current testing environment is not configured to support act(...)
Warning: The current testing environment is not configured to support act(...)

stderr | tests/views-settings/research-settings-card.test.tsx > save state machine (the §7.5 outcomes) > write-error: treated like any fault (old values stay, no 已保存)
Warning: The current testing environment is not configured to support act(...)
Warning: The current testing environment is not configured to support act(...)
Warning: The current testing environment is not configured to support act(...)

stderr | tests/views-settings/research-settings-card.test.tsx > save state machine (the §7.5 outcomes) > shows 保存中… while the transaction runs and keeps the card frozen
Warning: The current testing environment is not configured to support act(...)
Warning: The current testing environment is not configured to support act(...)
Warning: The current testing environment is not configured to support act(...)

 ✓ tests/views-settings/research-settings-card.test.tsx (16 tests) 117ms
 ✓ tests/semantics-records/record-fact.test.ts (4 tests) 128ms
 ✓ tests/history-replay/strictness.test.ts (8 tests) 122ms
 ✓ tests/flooding/persist.test.ts (13 tests) 120ms
 ✓ tests/views-actions/view.test.tsx (14 tests) 142ms
 ✓ tests/semantics-records/record-claim.test.ts (3 tests) 145ms
 ✓ tests/audit-reconcile/read-only.test.ts (8 tests) 123ms
 ✓ tests/git/tc-git-014.test.ts (3 tests) 157ms
 ✓ tests/semantics-records/retract-claim.test.ts (4 tests) 125ms
 ✓ tests/checkpoint/tc-db-003.test.ts (1 test) 103ms
 ✓ tests/store/tc-db-002.test.ts (5 tests) 112ms
 ✓ tests/reporting/pure.test.ts (11 tests) 106ms
 ✓ tests/semantics/schema-load.test.ts (18 tests) 116ms
 ✓ tests/git/tc-git-009.test.ts (2 tests) 117ms
 ✓ tests/git/tc-git-013.test.ts (1 test) 94ms
 ✓ tests/git/tc-git-001.test.ts (1 test) 98ms
 ✓ tests/analysis/service.test.ts (29 tests) 97ms
 ✓ tests/inbox/schemas.test.ts (4 tests) 84ms
 ✓ tests/rpc-face/artifacts.test.ts (3 tests) 86ms
 ✓ tests/scaffold/scaffold-tree.test.ts (13 tests) 83ms
 ✓ tests/git/tc-git-006.test.ts (1 test) 88ms
 ✓ tests/git/tc-git-008.test.ts (1 test) 89ms
 ✓ tests/git/tc-git-007.test.ts (1 test) 74ms
stdout | tests/rpc-plane/mutations-mgmt.test.ts > bindProject (T3.2b-A2) > binds a project WITH a live standalone db: seal (close + checkpoint) BEFORE the move, registry LAST
[research-control][plane][db-migration] {
  message: 'migrating the research database: /tmp/t32b-mgmt-tree-UdXy31/.research/state/research.sqlite -> /tmp/t32b-mgmt-hub-b3zbZz/.research-control/projects/PRJ-1/research.sqlite (design §9: the database follows the project — one copy at a time)'
}
[research-control][plane][db-migration] {
  message: 'database migration complete: /tmp/t32b-mgmt-tree-UdXy31/.research/state/research.sqlite -> /tmp/t32b-mgmt-hub-b3zbZz/.research-control/projects/PRJ-1/research.sqlite (the source location no longer exists)'
}

stdout | tests/rpc-plane/mutations-mgmt.test.ts > bindProject (T3.2b-A2) > binds a project WITH a live standalone db: seal (close + checkpoint) BEFORE the move, registry LAST
[research-control][plane][bindProject-completed] {
  projectId: 'PRJ-1',
  wsPath: '/tmp/t32b-mgmt-tree-UdXy31',
  hubPath: '/tmp/t32b-mgmt-hub-b3zbZz',
  dbMigrated: true,
  registryPath: '/tmp/t32b-mgmt-hub-b3zbZz/.research-control/registry.yaml'
}

stdout | tests/rpc-plane/mutations-mgmt.test.ts > bindProject (T3.2b-A2) > binds a tree WITHOUT a standalone db: no seal, no projects/ dir, default display name
[research-control][plane][bindProject-completed] {
  projectId: 'PRJ-1',
  wsPath: '/tmp/t32b-mgmt-tree-KGkS6x',
  hubPath: '/tmp/t32b-mgmt-hub-iqFkbv',
  dbMigrated: false,
  registryPath: '/tmp/t32b-mgmt-hub-iqFkbv/.research-control/registry.yaml'
}

stdout | tests/rpc-plane/mutations-mgmt.test.ts > bindProject (T3.2b-A2) > scaffolds a minimal tree and allocates the next id over registry ∪ tree ids (tombstone ids burned)
[research-control][plane][bindProject-completed] {
  projectId: 'PRJ-2',
  wsPath: '/tmp/t32b-mgmt-plain-JcZ2Rh',
  hubPath: '/tmp/t32b-mgmt-hub-cGFjJB',
  dbMigrated: false,
  registryPath: '/tmp/t32b-mgmt-hub-cGFjJB/.research-control/registry.yaml'
}

stdout | tests/rpc-plane/mutations-mgmt.test.ts > bindProject (T3.2b-A2) > rebinds a same-id tombstone in place (the upsert replaces, no duplicate entry)
[research-control][plane][bindProject-completed] {
  projectId: 'PRJ-1',
  wsPath: '/tmp/t32b-mgmt-tree-cpfY6e',
  hubPath: '/tmp/t32b-mgmt-hub-EltoO2',
  dbMigrated: false,
  registryPath: '/tmp/t32b-mgmt-hub-EltoO2/.research-control/registry.yaml'
}

stdout | tests/rpc-plane/mutations-mgmt.test.ts > bindProject (T3.2b-A2) > binds over a NO-HUB plane as the standalone flow (registryPath: null, 接入（无中枢）)
[research-control][plane][bindProject-completed] {
  projectId: 'PRJ-1',
  wsPath: '/tmp/t32b-mgmt-tree-7njm0n',
  hubPath: null,
  dbMigrated: false,
  registryPath: null
}

stdout | tests/rpc-plane/mutations-mgmt.test.ts > unbindProject (T3.2b-A2) > archives the entry (NEVER deleted) and renames the tree away; the hub db is KEPT
[research-control][plane][unbindProject-completed] {
  projectId: 'PRJ-1',
  wsPath: '/tmp/t32b-mgmt-tree-5bydY2',
  archivedDir: '/tmp/t32b-mgmt-tree-5bydY2/.research.archived-1770000000123'
}

stdout | tests/rpc-plane/mutations-mgmt.test.ts > restoreProject (T3.2b-A2) > restores a tombstone: renames the tree back, re-activates the entry, the hub db is KEPT
[research-control][plane][unbindProject-completed] {
  projectId: 'PRJ-1',
  wsPath: '/tmp/t32b-mgmt-tree-Z1LJnA',
  archivedDir: '/tmp/t32b-mgmt-tree-Z1LJnA/.research.archived-1770000000123'
}

stdout | tests/rpc-plane/mutations-mgmt.test.ts > restoreProject (T3.2b-A2) > restores a tombstone: renames the tree back, re-activates the entry, the hub db is KEPT
[research-control][plane][restoreProject-completed] {
  projectId: 'PRJ-1',
  wsPath: '/tmp/t32b-mgmt-tree-Z1LJnA',
  archivedDir: '/tmp/t32b-mgmt-tree-Z1LJnA/.research.archived-1770000000123'
}

 ✓ tests/rpc-plane/mutations-mgmt.test.ts (28 tests) 76ms
 ✓ tests/wiring/content-hash-capture.test.ts (5 tests) 71ms
 ✓ tests/analysis/transient.test.ts (17 tests) 70ms
 ✓ tests/git/tc-git-015.test.ts (2 tests) 69ms
stderr | tests/views-drilldown/topic-page.test.tsx > the topology zone (ADJ-6: the single Topic-page mutation entry) > mounts the graph + the action-bar entry hooks inside [data-topic-id]
Warning: Invalid DOM property `stroke-dasharray`. Did you mean `strokeDasharray`?
    at path
    at svg
    at div
    at div
    at ReactFlow (<repo>/.worktrees/g3/tests/graph/xyflow-mock.ts:52:24)
    at div
    at div
    at TopologyGraphView (<repo>/.worktrees/g3/src/client/graph/TopologyGraphView.tsx:297:30)
    at div
    at TopologyGraphContainer (<repo>/.worktrees/g3/src/client/graph/TopologyGraphContainer.tsx:44:35)
    at div
    at section
    at TopicPage (<repo>/.worktrees/g3/src/client/views/drilldown/topic-page.tsx:36:22)

 ✓ tests/views-drilldown/topic-page.test.tsx (3 tests) 80ms
 ✓ tests/views-history/history-related-entry.test.tsx (4 tests) 77ms
 ✓ tests/history-replay/rebuild.test.ts (18 tests) 74ms
 ✓ tests/analysis/store.test.ts (16 tests) 81ms
 ✓ tests/git/tc-git-017.test.ts (2 tests) 88ms
 ✓ tests/git/tc-git-003.test.ts (1 test) 73ms
 ✓ tests/components/error-state-block.test.tsx (7 tests) 75ms
 ✓ tests/git/tc-git-002.test.ts (1 test) 82ms
 ✓ tests/actions/store.test.ts (22 tests) 58ms
 ✓ tests/git/tc-git-010.test.ts (1 test) 75ms
 ✓ tests/git/tc-git-011.test.ts (2 tests) 61ms
 ✓ tests/git/tc-git-004.test.ts (1 test) 58ms
 ✓ tests/semantics/relations.test.ts (15 tests) 56ms
 ✓ tests/reporting/service-flow.test.ts (15 tests) 42ms
 ✓ tests/git/inv-git-static.test.ts (6 tests) 52ms
stderr | tests/views-workstream/container.test.tsx > WorkstreamView 容器（三区同屏） > 三区数据呈现 + 逐位 plan 顺序 + PF 数据缝（§27.4 三区同屏）
Warning: Invalid DOM property `stroke-dasharray`. Did you mean `strokeDasharray`?
    at path
    at svg
    at div
    at div
    at ReactFlow (<repo>/.worktrees/g3/tests/graph/xyflow-mock.ts:52:24)
    at div
    at div
    at PlanGraphView (<repo>/.worktrees/g3/src/client/graph/PlanGraphView.tsx:342:26)
    at div
    at PlanGraphContainer (<repo>/.worktrees/g3/src/client/graph/PlanGraphContainer.tsx:59:31)
    at div
    at div
    at div
    at WorkstreamView (<repo>/.worktrees/g3/src/client/views/workstream/WorkstreamView.tsx:131:27)

 ✓ tests/views-workstream/zones.test.tsx (37 tests) 56ms
 ✓ tests/views-workstream/container.test.tsx (11 tests) 47ms
stdout | tests/rpc-plane/mutations-core.test.ts > setHub > creates the hub marker dir + an EMPTY registry, and the plane refreshes
[research-control][plane][setHub-completed] {
  hubPath: '/tmp/t32b-plain-6ulbCr',
  registryPath: '/tmp/t32b-plain-6ulbCr/.research-control/registry.yaml'
}

stdout | tests/rpc-plane/mutations-core.test.ts > rescan > re-runs discovery over the plane and returns the fresh state
[research-control][plane][rescan-completed] {
  hubPath: '/tmp/t32b-hub-05cuC8',
  projects: 1,
  missing: 0,
  deferred: 0
}

stdout | tests/rpc-plane/mutations-core.test.ts > rescan > the deferredReminders SURVIVE a rescan (and the flag is never persisted)
[research-control][plane][ack-missing-reminder] { projectId: 'PRJ-2', deferred: 1 }

stdout | tests/rpc-plane/mutations-core.test.ts > rescan > the deferredReminders SURVIVE a rescan (and the flag is never persisted)
[research-control][plane][rescan-completed] {
  hubPath: '/tmp/t32b-hub-FG1oJt',
  projects: 1,
  missing: 1,
  deferred: 1
}

stdout | tests/rpc-plane/mutations-core.test.ts > rescan > the deferredReminders SURVIVE a rescan (and the flag is never persisted)
[research-control][plane][rescan-completed] {
  hubPath: '/tmp/t32b-hub-FG1oJt',
  projects: 1,
  missing: 1,
  deferred: 1
}

stdout | tests/rpc-plane/mutations-core.test.ts > rescan > the deferredReminders SURVIVE a rescan (and the flag is never persisted)
[research-control][plane][rescan-completed] {
  hubPath: '/tmp/t32b-hub-FG1oJt',
  projects: 1,
  missing: 1,
  deferred: 0
}

stdout | tests/rpc-plane/mutations-core.test.ts > ackMissingReminder > acks a KNOWN missing id: acknowledged + the live plane flag set
[research-control][plane][ack-missing-reminder] { projectId: 'PRJ-2', deferred: 1 }

stdout | tests/rpc-plane/mutations-core.test.ts > ackMissingReminder > acks a KNOWN missing id: acknowledged + the live plane flag set
[research-control][plane][ack-missing-reminder] { projectId: 'PRJ-2', deferred: 1 }

 ✓ tests/rpc-face/plane-contracts.test.ts (146 tests) 44ms
stdout | tests/rpc-plane/mutations-core.test.ts > the mutation mutex > serializes two concurrent mutations: one in flight, FIFO, the queue is not poisoned by a failure
[research-control][plane][rescan-completed] {
  hubPath: '/tmp/t32b-hub-xbBxQg',
  projects: 0,
  missing: 1,
  deferred: 0
}

stdout | tests/rpc-plane/mutations-core.test.ts > the mutation mutex > serializes two concurrent mutations: one in flight, FIFO, the queue is not poisoned by a failure
[research-control][plane][ack-missing-reminder] { projectId: 'PRJ-2', deferred: 1 }

stdout | tests/rpc-plane/mutations-core.test.ts > the mutation mutex > a failed mutation does not poison the queue (the next waiter still runs)
[research-control][plane][rescan-completed] {
  hubPath: '/tmp/t32b-hub-hANyP7',
  projects: 0,
  missing: 0,
  deferred: 0
}

stdout | tests/rpc-plane/mutations-core.test.ts > the mutation mutex > serializes a setHub against a concurrent rescan (the commit is under the lock)
[research-control][plane][setHub-completed] {
  hubPath: '/tmp/t32b-plain-tLS2Q5',
  registryPath: '/tmp/t32b-plain-tLS2Q5/.research-control/registry.yaml'
}

stdout | tests/rpc-plane/mutations-core.test.ts > the mutation mutex > serializes a setHub against a concurrent rescan (the commit is under the lock)
[research-control][plane][rescan-completed] {
  hubPath: '/tmp/t32b-plain-tLS2Q5',
  projects: 0,
  missing: 0,
  deferred: 0
}

 ✓ tests/rpc-plane/mutations-core.test.ts (20 tests) 58ms
 ✓ tests/registry/parse.test.ts (38 tests) 37ms
 ✓ tests/reporting/persist.test.ts (19 tests) 43ms
 ✓ tests/i18n/copy.test.ts (8 tests) 39ms
 ✓ tests/actions/schema.test.ts (16 tests) 43ms
 ✓ tests/rpc-face/manifest.test.ts (10 tests) 47ms
 ✓ tests/history-replay/pagination.test.ts (13 tests) 33ms
 ✓ tests/store/open.test.ts (20 tests) 30ms
 ✓ tests/rpc-face/rpc-face.test.ts (48 tests) 39ms
 ✓ tests/views-workstream/reorder.test.tsx (7 tests) 31ms
 ✓ tests/components/readonly-banner.test.tsx (15 tests) 32ms
 ✓ tests/investigator/adapter.test.ts (20 tests) 28ms
 ✓ tests/store/meta.test.ts (12 tests) 28ms
 ✓ tests/store/append.test.ts (15 tests) 29ms
 ✓ tests/discovery/discover.test.ts (32 tests) 31ms
 ✓ tests/stale/compare.test.ts (24 tests) 28ms
 ✓ tests/audit-discovery/scan.test.ts (21 tests) 29ms
 ✓ tests/history-replay/dual-order.test.ts (12 tests) 20ms
 ✓ tests/stores/research-store.test.ts (89 tests) 27ms
 ✓ tests/brief/project.test.ts (41 tests) 20ms
 ✓ tests/store/concurrency.test.ts (5 tests) 20ms
 ✓ tests/store/transaction.test.ts (9 tests) 20ms
 ✓ tests/hardening/consistency.test.ts (11 tests) 21ms
 ✓ tests/history-registry/cross-field.test.ts (21 tests) 15ms
 ✓ tests/brief/service.test.ts (10 tests) 15ms
 ✓ tests/ids/allocator.test.ts (16 tests) 17ms
 ✓ tests/client-spike.test.ts (9 tests) 37ms
 ✓ tests/store/realize.test.ts (7 tests) 13ms
 ✓ tests/hardening/db-check.test.ts (11 tests) 17ms
 ✓ tests/history-registry/transition.test.ts (28 tests) 15ms
 ✓ tests/settings/settings.test.ts (38 tests) 12ms
 ✓ tests/git/tc-git-012.test.ts (1 test) 14ms
 ✓ tests/attention-unified/unified.test.ts (46 tests) 16ms
 ✓ tests/history-registry/happy.test.ts (29 tests) 16ms
 ✓ tests/store/queries.test.ts (8 tests) 13ms
 ✓ tests/investigator/preset.test.ts (26 tests) 14ms
 ✓ tests/host-analysis-commands.test.ts (29 tests) 8ms
 ✓ tests/audit-discovery/classify.test.ts (83 tests) 13ms
 ✓ tests/graph/plan-model.test.ts (38 tests) 20ms
 ✓ tests/stores/registry.test.ts (45 tests) 14ms
 ✓ tests/history-replay/replay.test.ts (9 tests) 10ms
 ✓ tests/current-focus/service.test.ts (11 tests) 13ms
 ✓ tests/history-registry/emitter.test.ts (9 tests) 12ms
 ✓ tests/history-registry/envelope.test.ts (26 tests) 11ms
 ✓ tests/client-analysis-channel.test.ts (17 tests) 15ms
 ✓ tests/i18n/datetime.test.ts (5 tests) 12ms
 ✓ tests/ids/registry.test.ts (11 tests) 14ms
 ✓ tests/reporting/boundary.test.ts (5 tests) 12ms
 ✓ tests/attention/service.test.ts (14 tests) 14ms
 ✓ tests/rpc-spike.test.ts (16 tests) 11ms
 ✓ tests/registry/state-machine.test.ts (21 tests) 14ms
 ✓ tests/current-focus/store.test.ts (10 tests) 14ms
 ✓ tests/i18n/error-mapping.test.ts (12 tests) 9ms
 ✓ tests/client-investigate-channel.test.ts (14 tests) 12ms
 ✓ tests/store/append-only.test.ts (6 tests) 10ms
 ✓ tests/storage-locations/migration-drill.test.ts (3 tests) 11ms
stderr | tests/views-shell/inject-face.test.ts > registerResearchUI — the tab registration (unchanged, 标签恒显) > registers the shell into the conversation.view slot with the same identity
[research-control] the client exposes no settingsScope service — the research settings card (namespace "dsh-research-control") is unavailable in this deployment

 ✓ tests/views-shell/inject-face.test.ts (19 tests) 11ms
 ✓ tests/audit-reconcile/seams.test.ts (11 tests) 11ms
 ✓ tests/brief/mapping.test.ts (16 tests) 9ms
 ✓ tests/tools/permissions.test.ts (35 tests) 10ms
 ✓ tests/tools/definitions.test.ts (20 tests) 12ms
 ✓ tests/graph/topology-model.test.ts (13 tests) 8ms
 ✓ tests/audit-discovery/policy.test.ts (26 tests) 7ms
 ✓ tests/tools/inv-plan-3.test.ts (5 tests) 8ms
 ✓ tests/audit-reconcile/tiers.test.ts (26 tests) 11ms
 ✓ tests/views-brief/slice.test.ts (18 tests) 9ms
 ✓ tests/audit-reconcile/classify.test.ts (29 tests) 8ms
 ✓ tests/audit-discovery/service.test.ts (11 tests) 9ms
 ✓ tests/rpc-face/arity.test.ts (61 tests) 10ms
 ✓ tests/history-replay/wrapper.test.ts (8 tests) 11ms
 ✓ tests/tools/semantic-create.test.ts (11 tests) 10ms
 ✓ tests/views-drilldown/model.test.ts (12 tests) 10ms
 ✓ tests/attention/persist.test.ts (8 tests) 10ms
 ✓ tests/hardening/migrations.test.ts (16 tests) 9ms
 ✓ tests/tools/stubs.test.ts (21 tests) 10ms
 ✓ tests/host-investigate-command.test.ts (15 tests) 8ms
 ✓ tests/views-intervention/slices.test.ts (11 tests) 5ms
 ✓ tests/investigator/guard.test.ts (48 tests) 10ms
 ✓ tests/views-investigator/model.test.ts (23 tests) 6ms
 ✓ tests/local-project/service.test.ts (10 tests) 8ms
 ✓ tests/select/formula.test.ts (31 tests) 8ms
 ✓ tests/semantics/reducer-determinism.test.ts (10 tests) 7ms
 ✓ tests/sessionlink/version-guard.test.ts (12 tests) 8ms
 ✓ tests/semantics/validate.test.ts (24 tests) 9ms
 ✓ tests/semantics/reducer-errors.test.ts (33 tests) 10ms
 ✓ tests/stores/inbox-slice.test.ts (16 tests) 8ms
 ✓ tests/reporting/store-slices.test.ts (12 tests) 8ms
 ✓ tests/investigator/launcher.test.ts (15 tests) 8ms
 ✓ tests/sessionlink/tmp-sweep.test.ts (6 tests) 7ms
 ✓ tests/tools/trusted-boundary.test.ts (5 tests) 7ms
 ✓ tests/views-inbox/model.test.ts (19 tests) 7ms
 ✓ tests/planfork/anchors.test.ts (19 tests) 7ms
 ✓ tests/attention/slice.test.ts (12 tests) 8ms
 ✓ tests/attention/score.test.ts (15 tests) 6ms
 ✓ tests/views-actions/model.test.ts (14 tests) 7ms
 ✓ tests/storage-locations/migrate-db.test.ts (12 tests) 7ms
 ✓ tests/semantics/reducer-happy.test.ts (25 tests) 8ms
 ✓ tests/semantics/state-machine.test.ts (14 tests) 8ms
 ✓ tests/actions/state-machine.test.ts (24 tests) 8ms
 ✓ tests/sessionlink/map.test.ts (20 tests) 6ms
 ✓ tests/select/inv-type-face.test.ts (8 tests) 6ms
 ✓ tests/graph/layering.test.ts (6 tests) 6ms
 ✓ tests/views-history/run-group.test.ts (11 tests) 7ms
 ✓ tests/flooding/detector.test.ts (21 tests) 8ms
 ✓ tests/settings/research-settings-shared.test.ts (17 tests) 5ms
 ✓ tests/stores/actions-slices.test.ts (13 tests) 6ms
 ✓ tests/sessionlink/fs-writer.test.ts (10 tests) 6ms
 ✓ tests/registry/reconcile.test.ts (12 tests) 5ms
 ✓ tests/ids/parse.test.ts (38 tests) 10ms
 ✓ tests/loader/path.test.ts (30 tests) 5ms
 ✓ tests/investigator/context.test.ts (20 tests) 5ms
 ✓ tests/stores/facade-plane-forwarding.test.ts (3 tests) 8ms
 ✓ tests/flooding/state-machine.test.ts (9 tests) 6ms
 ✓ tests/flooding/inv-attn-5.test.ts (8 tests) 5ms
 ✓ tests/audit-discovery/snapshot.test.ts (13 tests) 5ms
 ✓ tests/stores/facade-forwarding.test.ts (4 tests) 6ms
 ✓ tests/wiring/db-adapter.test.ts (3 tests) 5ms
 ✓ tests/stores/engine.test.ts (11 tests) 3ms
 ✓ tests/semantics/conflict.test.ts (9 tests) 5ms
 ✓ tests/ids/meta-store.test.ts (12 tests) 5ms
 ✓ tests/history-registry/aggregate.test.ts (6 tests) 5ms
 ✓ tests/topology/realize.test.ts (13 tests) 6ms
 ✓ tests/views-home/layering.test.ts (4 tests) 4ms
 ✓ tests/current-focus/schema.test.ts (5 tests) 4ms
 ✓ tests/actions/derived-blockers.test.ts (21 tests) 6ms
 ✓ tests/storage-locations/resolve-db-path.test.ts (7 tests) 3ms
 ✓ tests/semantics/ids.test.ts (9 tests) 5ms
 ✓ tests/ids/file-name.test.ts (6 tests) 4ms
 ✓ tests/views-history/event-meta.test.ts (9 tests) 3ms
 ✓ tests/history-registry/late-registration.test.ts (9 tests) 6ms
 ✓ tests/inbox/state-machine.test.ts (6 tests) 4ms
 ✓ tests/plan-writer/ids.test.ts (26 tests) 6ms
 ✓ tests/intervention/state-machine.test.ts (7 tests) 5ms
 ✓ tests/sessionlink/pointer.test.ts (17 tests) 5ms
 ✓ tests/inbox/escalation.test.ts (11 tests) 5ms
 ✓ tests/session-adapter.test.ts (6 tests) 12ms
 ✓ tests/investigator-readers/conversion-payload.test.ts (6 tests) 4ms
 ✓ tests/views-project/layering.test.ts (4 tests) 4ms
 ✓ tests/ids/shared-purity.test.ts (8 tests) 3ms
 ✓ tests/dependency/projection.test.ts (11 tests) 4ms
 ✓ tests/investigator-readers/context.test.ts (6 tests) 3ms
 ✓ tests/paths/paths.test.ts (24 tests) 5ms
 ✓ tests/storage-locations/old-home-hint.test.ts (6 tests) 4ms
 ✓ tests/host-mount.test.ts (5 tests) 4ms
 ✓ tests/ids/construct.test.ts (10 tests) 3ms
 ✓ tests/scaffold.test.ts (1 test) 2ms
 ✓ tests/views-history/related-records.test.ts (12 tests) 4ms
 ↓ tests/perf/tc-perf-001.test.ts (2 tests | 2 skipped)
 ↓ tests/perf/tc-perf-002.test.ts (3 tests | 3 skipped)
 ↓ tests/perf/tc-perf-003.test.ts (6 tests | 6 skipped)
 ↓ tests/perf/tc-perf-004.test.ts (2 tests | 2 skipped)
 ↓ tests/perf/tc-perf-005.test.ts (2 tests | 2 skipped)
 ↓ tests/perf/tc-perf-006.test.ts (6 tests | 6 skipped)

 Test Files  336 passed | 6 skipped (342)
      Tests  4871 passed | 21 skipped (4892)
   Start at  06:50:46
   Duration  52.23s (transform 10.79s, setup 0ms, import 55.18s, tests 156.23s, environment 9.38s)

full_exit=0
 Test Files  336 passed | 6 skipped (342)
      Tests  4871 passed | 21 skipped (4892)
